Date;Folder;Filename;config;aoa;sideslip;vw;Dpa;Pressure;Temp;Density;;rows;;;;;;;;;
4-4-2024;data/without/aoa_-05;without_aoa_-05_vw_00;without;-5;20;0;-0,12;1004,89;20,5;1,192;;1;;;;;;;;;
4-4-2024;data/without/aoa_-05;without_aoa_-05_vw_00;without;-5;14;0;-0,12;1004,85;20,5;1,192;;2;;;;;;;;;
4-4-2024;data/without/aoa_-05;without_aoa_-05_vw_00;without;-5;12;0;-0,12;1004,85;20,5;1,192;;3;;;;;;;;;
4-4-2024;data/without/aoa_-05;without_aoa_-05_vw_00;without;-5;10;0;-0,13;1004,85;20,5;1,192;;4;;;;;;;;;
4-4-2024;data/without/aoa_-05;without_aoa_-05_vw_00;without;-5;8;0;-0,11;1004,85;20,5;1,192;;5;;;;;;;;;
4-4-2024;data/without/aoa_-05;without_aoa_-05_vw_00;without;-5;6;0;-0,11;1004,82;20,5;1,192;;6;;;;;;;;;
4-4-2024;data/without/aoa_-05;without_aoa_-05_vw_00;without;-5;4;0;-0,12;1004,82;20,5;1,192;;7;;;;;;;;;
4-4-2024;data/without/aoa_-05;without_aoa_-05_vw_00;without;-5;2;0;-0,16;1004,8;20,5;1,192;;8;;;;;;;;;
4-4-2024;data/without/aoa_-05;without_aoa_-05_vw_00;without;-5;0;0;-0,16;1004,8;20,5;1,192;;9;;;;;;;;;
4-4-2024;data/without/aoa_-05;without_aoa_-05_vw_00;without;-5;-2;0;-0,12;1004,91;20,5;1,192;;10;;;;;;;;;
4-4-2024;data/without/aoa_-05;without_aoa_-05_vw_00;without;-5;-4;0;-0,12;1004,96;20,5;1,192;;11;;;;;;;;;
4-4-2024;data/without/aoa_-05;without_aoa_-05_vw_00;without;-5;-6;0;-0,12;1004,96;20,5;1,192;;12;;;;;;;;;
4-4-2024;data/without/aoa_-05;without_aoa_-05_vw_00;without;-5;-8;0;-0,12;1004,96;20,5;1,192;;13;;;;;;;;;
4-4-2024;data/without/aoa_-05;without_aoa_-05_vw_00;without;-5;-10;0;-0,12;1004,96;20,5;1,192;;14;;;;;;;;;
4-4-2024;data/without/aoa_-05;without_aoa_-05_vw_00;without;-5;-12;0;-0,13;1004,96;20,5;1,192;;15;;;;;;;;;
4-4-2024;data/without/aoa_-05;without_aoa_-05_vw_00;without;-5;-14;0;-0,13;1004,96;20,5;1,192;;16;;;;;;;;;
4-4-2024;data/without/aoa_-05;without_aoa_-05_vw_00;without;-5;-20;0;-0,13;1004,96;20,5;1,192;;17;;;;;;;;;
;;;;;;;;;;;;;;;;;;;;;
4-4-2024;data/without/aoa_-05;without_aoa_-05_vw_05;without;-5;-20;4,99;11,69;1005,42;20,6;1,192;;18;;;;;;;;;
4-4-2024;data/without/aoa_-05;without_aoa_-05_vw_05;without;-5;-14;4,99;11,66;1005,45;20,6;1,192;;19;;;;;;;;;
4-4-2024;data/without/aoa_-05;without_aoa_-05_vw_05;without;-5;-12;4,98;11,7;1005,52;20,6;1,193;;20;;;;;;;;;
4-4-2024;data/without/aoa_-05;without_aoa_-05_vw_05;without;-5;-10;4,99;11,65;1005,47;20,6;1,193;;21;;;;;;;;;
4-4-2024;data/without/aoa_-05;without_aoa_-05_vw_05;without;-5;-8;4,99;11,64;1005,5;20,6;1,193;;22;;;;;;;;;
4-4-2024;data/without/aoa_-05;without_aoa_-05_vw_05;without;-5;-6;4,99;11,7;1005,51;20,6;1,193;;23;;;;;;;;;
4-4-2024;data/without/aoa_-05;without_aoa_-05_vw_05;without;-5;-4;5;11,68;1005,49;20,6;1,193;;24;;;;;;;;;
4-4-2024;data/without/aoa_-05;without_aoa_-05_vw_05;without;-5;-2;4,99;11,66;1005,48;20,6;1,193;;25;;;;;;;;;
4-4-2024;data/without/aoa_-05;without_aoa_-05_vw_05;without;-5;0;5;11,68;1005,56;20,6;1,193;;26;;;;;;;;;
4-4-2024;data/without/aoa_-05;without_aoa_-05_vw_05;without;-5;2;4,99;11,64;1005,51;20,6;1,193;;27;;;;;;;;;
4-4-2024;data/without/aoa_-05;without_aoa_-05_vw_05;without;-5;4;4,99;11,68;1005,51;20,6;1,193;;28;;;;;;;;;
4-4-2024;data/without/aoa_-05;without_aoa_-05_vw_05;without;-5;6;4,98;11,68;1005,51;20,6;1,193;;29;;;;;;;;;
4-4-2024;data/without/aoa_-05;without_aoa_-05_vw_05;without;-5;8;4,98;11,64;1005,49;20,6;1,192;;30;;;;;;;;;
4-4-2024;data/without/aoa_-05;without_aoa_-05_vw_05;without;-5;10;4,98;11,64;1005,52;20,6;1,193;;31;;;;;;;;;
4-4-2024;data/without/aoa_-05;without_aoa_-05_vw_05;without;-5;12;4,98;11,69;1005,56;20,6;1,193;;32;;;;;;;;;
4-4-2024;data/without/aoa_-05;without_aoa_-05_vw_05;without;-5;14;5,01;11,67;1005,51;20,6;1,193;;33;;;;;;;;;
4-4-2024;data/without/aoa_-05;without_aoa_-05_vw_05;without;-5;20;5;11,68;1005,48;20,6;1,193;;34;;;;;;;;;
;;;;;;;;;;;;;;;;;;;;;
4-4-2024;data/without/aoa_-05;without_aoa_-05_vw_10;without;-5;20;10,02;47,18;1005,54;21;1,191;;35;;;;;;;;;
4-4-2024;data/without/aoa_-05;without_aoa_-05_vw_10;without;-5;14;10,03;47,19;1005,58;21;1,191;;36;;;;;;;;;
4-4-2024;data/without/aoa_-05;without_aoa_-05_vw_10;without;-5;12;10,03;47,19;1005,52;21;1,191;;37;;;;;;;;;
4-4-2024;data/without/aoa_-05;without_aoa_-05_vw_10;without;-5;10;10,03;47,22;1005,56;21,1;1,191;;38;;;;;;;;;
4-4-2024;data/without/aoa_-05;without_aoa_-05_vw_10;without;-5;8;10,02;47,18;1005,55;21,1;1,191;;39;;;;;;;;;
4-4-2024;data/without/aoa_-05;without_aoa_-05_vw_10;without;-5;6;10,03;47,16;1005,56;21,1;1,19;;40;;;;;;;;;
4-4-2024;data/without/aoa_-05;without_aoa_-05_vw_10;without;-5;4;10,03;47,23;1005,55;21,1;1,19;;41;;;;;;;;;
4-4-2024;data/without/aoa_-05;without_aoa_-05_vw_10;without;-5;2;10,03;47,21;1005,59;21,1;1,19;;42;;;;;;;;;
4-4-2024;data/without/aoa_-05;without_aoa_-05_vw_10;without;-5;0;10,03;47,15;1005,51;21,2;1,19;;43;;;;;;;;;
4-4-2024;data/without/aoa_-05;without_aoa_-05_vw_10;without;-5;-2;10,04;47,2;1005,59;21,2;1,19;;44;;;;;;;;;
4-4-2024;data/without/aoa_-05;without_aoa_-05_vw_10;without;-5;-4;10,03;47,12;1005,51;21,2;1,19;;45;;;;;;;;;
4-4-2024;data/without/aoa_-05;without_aoa_-05_vw_10;without;-5;-6;10,03;47,15;1005,51;21,2;1,19;;46;;;;;;;;;
4-4-2024;data/without/aoa_-05;without_aoa_-05_vw_10;without;-5;-8;10,04;47,15;1005,55;21,2;1,19;;47;;;;;;;;;
4-4-2024;data/without/aoa_-05;without_aoa_-05_vw_10;without;-5;-10;10,03;47,22;1005,53;21,2;1,19;;48;;;;;;;;;
4-4-2024;data/without/aoa_-05;without_aoa_-05_vw_10;without;-5;-12;10,03;47,15;1005,51;21,3;1,19;;49;;;;;;;;;
4-4-2024;data/without/aoa_-05;without_aoa_-05_vw_10;without;-5;-14;10,03;47,08;1005,53;21,3;1,19;;50;;;;;;;;;
4-4-2024;data/without/aoa_-05;without_aoa_-05_vw_10;without;-5;-20;10,03;47,15;1005,55;21,3;1,19;;51;;;;;;;;;
;;;;;;;;;;;;;;;;;;;;;
4-4-2024;data/without/aoa_-05;without_aoa_-05_vw_15;without;-5;-20;15,02;105,5;1005,57;22;1,187;;52;;;;;;;;;
4-4-2024;data/without/aoa_-05;without_aoa_-05_vw_15;without;-5;-14;15,02;105,47;1005,57;22,1;1,186;;53;;;;;;;;;
4-4-2024;data/without/aoa_-05;without_aoa_-05_vw_15;without;-5;-12;15,02;105,48;1005,59;22,2;1,186;;54;;;;;;;;;
4-4-2024;data/without/aoa_-05;without_aoa_-05_vw_15;without;-5;-10;15,02;105,48;1005,6;22,2;1,186;;55;;;;;;;;;
4-4-2024;data/without/aoa_-05;without_aoa_-05_vw_15;without;-5;-8;15,02;105,4;1005,57;22,3;1,186;;56;;;;;;;;;
4-4-2024;data/without/aoa_-05;without_aoa_-05_vw_15;without;-5;-6;15,03;105,49;1005,6;22,3;1,186;;57;;;;;;;;;
4-4-2024;data/without/aoa_-05;without_aoa_-05_vw_15;without;-5;-4;15,02;105,43;1005,6;22,4;1,186;;58;;;;;;;;;
4-4-2024;data/without/aoa_-05;without_aoa_-05_vw_15;without;-5;-2;15,02;105,39;1005,63;22,4;1,185;;59;;;;;;;;;
4-4-2024;data/without/aoa_-05;without_aoa_-05_vw_15;without;-5;0;15,02;105,42;1005,65;22,4;1,185;;60;;;;;;;;;
4-4-2024;data/without/aoa_-05;without_aoa_-05_vw_15;without;-5;2;15,02;105,42;1005,6;22,5;1,185;;61;;;;;;;;;
4-4-2024;data/without/aoa_-05;without_aoa_-05_vw_15;without;-5;4;15,02;105,38;1005,62;22,5;1,185;;62;;;;;;;;;
4-4-2024;data/without/aoa_-05;without_aoa_-05_vw_15;without;-5;6;15,02;105,32;1005,57;22,5;1,185;;63;;;;;;;;;
4-4-2024;data/without/aoa_-05;without_aoa_-05_vw_15;without;-5;8;15,03;105,32;1005,6;22,6;1,185;;64;;;;;;;;;
4-4-2024;data/without/aoa_-05;without_aoa_-05_vw_15;without;-5;10;15,02;105,35;1005,65;22,6;1,185;;65;;;;;;;;;
4-4-2024;data/without/aoa_-05;without_aoa_-05_vw_15;without;-5;12;15,02;105,32;1005,63;22,6;1,184;;66;;;;;;;;;
4-4-2024;data/without/aoa_-05;without_aoa_-05_vw_15;without;-5;14;15,02;105,33;1005,61;22,6;1,184;;67;;;;;;;;;
4-4-2024;data/without/aoa_-05;without_aoa_-05_vw_15;without;-5;20;15,02;105,29;1005,62;22,7;1,184;;68;;;;;;;;;
;;;;;;;;;;;;;;;;;;;;;
4-4-2024;data/without/aoa_-05;without_aoa_-05_vw_20;without;-5;20;20,02;185,79;1005,72;23,8;1,18;;69;;;;;;;;;
4-4-2024;data/without/aoa_-05;without_aoa_-05_vw_20;without;-5;14;19,91;184,56;1005,68;24;1,179;;70;;;;;;;;;
4-4-2024;data/without/aoa_-05;without_aoa_-05_vw_20;without;-5;12;19,86;183;1005,7;24;1,179;;71;;;;;;;;;
4-4-2024;data/without/aoa_-05;without_aoa_-05_vw_20;without;-5;10;19,88;183,08;1005,69;24,2;1,178;;72;;;;;;;;;
4-4-2024;data/without/aoa_-05;without_aoa_-05_vw_20;without;-5;8;19,83;183;1005,69;24,3;1,178;;73;;;;;;;;;
4-4-2024;data/without/aoa_-05;without_aoa_-05_vw_20;without;-5;6;19,91;184,6;1005,71;24,3;1,178;;74;;;;;;;;;
4-4-2024;data/without/aoa_-05;without_aoa_-05_vw_20;without;-5;4;19,89;185;1005,71;24,4;1,177;;75;;;;;;;;;
4-4-2024;data/without/aoa_-05;without_aoa_-05_vw_20;without;-5;2;19,98;183;1005,68;24,5;1,177;;76;;;;;;;;;
4-4-2024;data/without/aoa_-05;without_aoa_-05_vw_20;without;-5;0;19,96;183;1005,7;24,6;1,177;;77;;;;;;;;;
4-4-2024;data/without/aoa_-05;without_aoa_-05_vw_20;without;-5;-2;20,03;184;1005,64;24,6;1,176;;78;;;;;;;;;
4-4-2024;data/without/aoa_-05;without_aoa_-05_vw_20;without;-5;-4;20,01;183;1005,62;24,7;1,176;;79;;;;;;;;;
4-4-2024;data/without/aoa_-05;without_aoa_-05_vw_20;without;-5;-6;19,96;185;1005,64;24,8;1,176;;80;;;;;;;;;
4-4-2024;data/without/aoa_-05;without_aoa_-05_vw_20;without;-5;-8;19,93;184;1005,63;24,8;1,176;;81;;;;;;;;;
4-4-2024;data/without/aoa_-05;without_aoa_-05_vw_20;without;-5;-10;19,91;183;1005,63;24,9;1,175;;82;;;;;;;;;
4-4-2024;data/without/aoa_-05;without_aoa_-05_vw_20;without;-5;-12;20,02;183;1005,63;25;1,175;;83;;;;;;;;;
4-4-2024;data/without/aoa_-05;without_aoa_-05_vw_20;without;-5;-14;20,02;183;1005,65;25;1,175;;84;;;;;;;;;
4-4-2024;data/without/aoa_-05;without_aoa_-05_vw_20;without;-5;-20;19,91;183;1005,64;25,1;1,175;;85;;;;;;;;;
;;;;;;maybe use average wind speed for postprocessing as the values in this measurement set changed much faster and the instantaneously written down value changed the next moment already;;;;;;;;;;;;;;;
;;;;;;;;;;;;;;;;;;;;;
4-4-2024;data/without/aoa_-05;without_aoa_-05_vw_25;without;-5;-20;25,13;283;1005,7;27,1;1,167;;86;;;;;;;;;
4-4-2024;data/without/aoa_-05;without_aoa_-05_vw_25;without;-5;-14;24,88;287;1005,73;27,3;1,166;;87;;;;;;;;;
4-4-2024;data/without/aoa_-05;without_aoa_-05_vw_25;without;-5;-12;24,89;290;1005,71;27,5;1,165;;88;;;;;;;;;
4-4-2024;data/without/aoa_-05;without_aoa_-05_vw_25;without;-5;-10;24,69;289;1005,73;27,6;1,165;;89;;;;;;;;;
4-4-2024;data/without/aoa_-05;without_aoa_-05_vw_25;without;-5;-8;25,02;286;1005,74;27,7;1,165;;90;;;;;;;;;
4-4-2024;data/without/aoa_-05;without_aoa_-05_vw_25;without;-5;-6;24,87;288;1005,76;27,8;1,164;;91;;;;;;;;;
4-4-2024;data/without/aoa_-05;without_aoa_-05_vw_25;without;-5;-4;25,07;285;1005,75;28;1,164;;92;;;;;;;;;
4-4-2024;data/without/aoa_-05;without_aoa_-05_vw_25;without;-5;-2;24,92;282;1005,74;28,3;1,162;;93;;;;;;;;;
4-4-2024;data/without/aoa_-05;without_aoa_-05_vw_25;without;-5;0;25,03;283;1005,77;28,4;1,162;;94;;;;;;;;;
4-4-2024;data/without/aoa_-05;without_aoa_-05_vw_25;without;-5;2;24,94;285;1005,79;28,6;1,161;;95;;;;;;;;;
4-4-2024;data/without/aoa_-05;without_aoa_-05_vw_25;without;-5;4;24,91;282;1005,77;28,6;1,161;;96;;;;;;;;;
4-4-2024;data/without/aoa_-05;without_aoa_-05_vw_25;without;-5;6;24,75;281;1005,8;28,7;1,161;;97;;;;;;;;;
4-4-2024;data/without/aoa_-05;without_aoa_-05_vw_25;without;-5;8;25;285;1005,79;28,9;1,16;;98;;;;;;;;;
4-4-2024;data/without/aoa_-05;without_aoa_-05_vw_25;without;-5;10;24,95;287;1005,78;29,1;1,159;;99;;;;;;;;;
4-4-2024;data/without/aoa_-05;without_aoa_-05_vw_25;without;-5;12;24,97;281;1005,82;29,1;1,159;;100;;;;;;;;;
4-4-2024;data/without/aoa_-05;without_aoa_-05_vw_25;without;-5;14;24,93;283;1005,78;29,2;1,159;;101;;;;;;;;;
4-4-2024;data/without/aoa_-05;without_aoa_-05_vw_25;without;-5;20;24,84;281;1005,78;29,5;1,158;;102;;;;;;;;;
;;;;;;maybe use average wind speed for postprocessing as the values in this measurement set changed much faster and the instantaneously written down value changed the next moment already;;;;;;;;;;;;;;;
;;;;;;;;;;;;;;;;;;;;;
4-4-2024;data/normal/aoa_-05;normal_aoa_-05_vw_00;normal;-5,4;0;0;-0,2;1006,63;25,9;1,173;;1;;;;;;;;;
4-4-2024;data/normal/aoa_-05;normal_aoa_-05_vw_05;normal;-5,4;0;5,01;11,59;1006,47;24;1,18;;2;;;;;;;;;
4-4-2024;data/normal/aoa_-05;normal_aoa_-05_vw_10;normal;-5,4;0;10,01;46,55;1006,1;24,3;1,179;;3; ;Unsteady has double the rows, from 15m/s;;;;;opgelost;;
4-4-2024;data/normal/aoa_-05;normal_aoa_-05_vw_15;normal;-5,4;0;14,97;103,81;1006,55;25;1,176;;4;;;;;;;;;
4-4-2024;data/normal/aoa_-05;normal_aoa_-05_vw_20;normal;-5,4;0;19,98;185,35;1006,55;25,7;1,173;;5;;;;;;;;;
4-4-2024;data/normal/aoa_-05;normal_aoa_-05_vw_25;normal;-5,4;0;25,02;284,5;1006,63;27,5;1,166;;6;;;;;;;;;
;;;;;;;;;;;;;;;;;;;;;
;;;;;;;;;;;;;;Check CODE voor dubbel normal_aoa file! Moet hier somehow goed over nadenken!;;;;;;;
;;;;;;;;;;;;;;Misschien loopen over filenames in labbook en dan occurences tellen, voor number of rows, use indices;;;;;;;
;;;;;;;;;;;;;;;;;;;;;
;;;;;;;;;;;;;;;;;;;;;
5-4-2024;data/without/aoa_10;without_aoa_10_vw_00;without;9,85;20;0;-0,09;1005,75;20,2;1,194;;1;;;;;;;;;
5-4-2024;data/without/aoa_10;without_aoa_10_vw_00;without;9,85;14;0;-0,09;1005,73;20,2;1,194;;2;;;;;;;;;
5-4-2024;data/without/aoa_10;without_aoa_10_vw_00;without;9,85;12;0;-0,08;1005,71;20,2;1,194;;3;;;;;;;;;
5-4-2024;data/without/aoa_10;without_aoa_10_vw_00;without;9,85;10;0;-0,07;1005,72;20,2;1,194;;4;;;;;;;;;
5-4-2024;data/without/aoa_10;without_aoa_10_vw_00;without;9,85;8;0;-0,08;1005,72;20,2;1,194;;5;;;;;;;;;
5-4-2024;data/without/aoa_10;without_aoa_10_vw_00;without;9,85;6;0;-0,07;1005,72;20,2;1,194;;6;;;;;;;;;
5-4-2024;data/without/aoa_10;without_aoa_10_vw_00;without;9,85;4;0;-0,08;1005,73;20,2;1,194;;7;;;;;;;;;
5-4-2024;data/without/aoa_10;without_aoa_10_vw_00;without;9,85;2;0;-0,08;1005,72;20,2;1,194;;8;;;;;;;;;
5-4-2024;data/without/aoa_10;without_aoa_10_vw_00;without;9,85;0;0;-0,08;1005,72;20,2;1,194;;9;;;;;;;;;
5-4-2024;data/without/aoa_10;without_aoa_10_vw_00;without;9,85;-2;0;-0,07;1005,69;20,2;1,194;;10;;;;;;;;;
5-4-2024;data/without/aoa_10;without_aoa_10_vw_00;without;9,85;-4;0;-0,07;1005,68;20,2;1,194;;11;;;;;;;;;
5-4-2024;data/without/aoa_10;without_aoa_10_vw_00;without;9,85;-6;0;-0,08;1005,66;20,2;1,194;;12;;;;;;;;;
5-4-2024;data/without/aoa_10;without_aoa_10_vw_00;without;9,85;-8;0;-0,07;1005,65;20,2;1,194;;13;;;;;;;;;
5-4-2024;data/without/aoa_10;without_aoa_10_vw_00;without;9,85;-10;0;-0,07;1005,64;20,2;1,194;;14;;;;;;;;;
5-4-2024;data/without/aoa_10;without_aoa_10_vw_00;without;9,85;-12;0;-0,08;1005,62;20,2;1,194;;15;;;;;;;;;
5-4-2024;data/without/aoa_10;without_aoa_10_vw_00;without;9,85;-14;0;-0,08;1005,61;20,2;1,194;;16;;;;;;;;;
5-4-2024;data/without/aoa_10;without_aoa_10_vw_00;without;9,85;-20;0;-0,06;1005,6;20,2;1,194;;17;;;;;;;;;
;;;;;;;;;;;;;;;;;;;;;
5-4-2024;data/without/aoa_10;without_aoa_10_vw_05;without;9,85;-20;4,99;11,7;1005,4;20,1;1,194;;1;;;;;;;;;
5-4-2024;data/without/aoa_10;without_aoa_10_vw_05;without;9,85;-14;4,99;11,68;1005,38;20,2;1,194;;2;;;;;;;;;
5-4-2024;data/without/aoa_10;without_aoa_10_vw_05;without;9,85;-12;4,99;11,68;1005,37;20,2;1,194;;3;;;;;;;;;
5-4-2024;data/without/aoa_10;without_aoa_10_vw_05;without;9,85;-10;4,99;11,68;1005,37;20,2;1,194;;4;;;;;;;;;
5-4-2024;data/without/aoa_10;without_aoa_10_vw_05;without;9,85;-8;4,99;11,68;1005,36;20,2;1,194;;5;;;;;;;;;
5-4-2024;data/without/aoa_10;without_aoa_10_vw_05;without;9,85;-6;4,99;11,69;1005,35;20,2;1,194;;6;;;;;;;;;
5-4-2024;data/without/aoa_10;without_aoa_10_vw_05;without;9,85;-4;4,99;11,71;1005,36;20,2;1,194;;7;;;;;;;;;
5-4-2024;data/without/aoa_10;without_aoa_10_vw_05;without;9,85;-2;4,99;11,68;10045,34;20,2;1,194;;8;;;;;;;;;
5-4-2024;data/without/aoa_10;without_aoa_10_vw_05;without;9,85;0;4,99;11,7;1005,32;20,3;1,194;;9;;;;;;;;;
5-4-2024;data/without/aoa_10;without_aoa_10_vw_05;without;9,85;2;4,99;11,7;1005,32;20,3;1,194;;10;;;;;;;;;
5-4-2024;data/without/aoa_10;without_aoa_10_vw_05;without;9,85;4;4,99;11,68;1005,32;20,3;1,194;;11;;;;;;;;;
5-4-2024;data/without/aoa_10;without_aoa_10_vw_05;without;9,85;6;4,99;11,7;1005,32;20,3;1,194;;12;;;;;;;;;
5-4-2024;data/without/aoa_10;without_aoa_10_vw_05;without;9,85;8;4,99;11,68;1005,33;20,3;1,193;;13;;;;;;;;;
5-4-2024;data/without/aoa_10;without_aoa_10_vw_05;without;9,85;10;4,99;11,68;1005,33;20,3;1,193;;14;;;;;;;;;
5-4-2024;data/without/aoa_10;without_aoa_10_vw_05;without;9,85;12;4,99;11,69;1005,34;20,3;1,193;;15;;;;;;;;;
5-4-2024;data/without/aoa_10;without_aoa_10_vw_05;without;9,85;14;4,99;11,7;1005,34;20,3;1,193;;16;;;;;;;;;
5-4-2024;data/without/aoa_10;without_aoa_10_vw_05;without;9,85;20;4,99;11,71;1005,36;20,3;1,193;;17;;;;;;;;;
;;;;;;;;;;;;;;;;;;;;;
5-4-2024;data/;without_aoa_10_vw_10;without;9,85;20;10,03;47,22;1005,31;20,7;1,192;;1;;;;;;;;;
5-4-2024;data/;without_aoa_10_vw_10;without;9,85;14;10,03;47,22;1005,28;20,7;1,192;;2;;;;;;;;;
5-4-2024;data/;without_aoa_10_vw_10;without;9,85;12;10,03;47,19;1005,26;20,7;1,192;;3;;;;;;;;;
5-4-2024;data/;without_aoa_10_vw_10;without;9,85;10;10,03;47,24;1005,24;20,8;1,192;;4;;;;;;;;;
5-4-2024;data/;without_aoa_10_vw_10;without;9,85;8;10,03;47,22;1005,2;20,8;1,191;;5;;;;;;;;;
5-4-2024;data/;without_aoa_10_vw_10;without;9,85;6;10,03;47,25;1005,18;20,8;1,191;;6;;;;;;;;;
5-4-2024;data/;without_aoa_10_vw_10;without;9,85;4;10,03;47,24;1005,16;20,8;1,191;;7;;;;;;;;;
5-4-2024;data/;without_aoa_10_vw_10;without;9,85;2;10,03;47,23;1005,14;20,8;1,191;;8;;;;;;;;;
5-4-2024;data/;without_aoa_10_vw_10;without;9,85;0;10,03;47,27;1005,11;20,9;1,191;;9;;;;;;;;;
5-4-2024;data/;without_aoa_10_vw_10;without;9,85;-2;10,03;47,23;1005,1;20,9;1,191;;10;;;;;;;;;
5-4-2024;data/;without_aoa_10_vw_10;without;9,85;-4;10,03;47,22;1005,1;20,9;1,191;;11;;;;;;;;;
5-4-2024;data/;without_aoa_10_vw_10;without;9,85;-6;10,03;47,21;1005,09;20,9;1,191;;12;;;;;;;;;
5-4-2024;data/;without_aoa_10_vw_10;without;9,85;-8;10,03;47,26;1005,09;20,9;1,191;;13;;;;;;;;;
5-4-2024;data/;without_aoa_10_vw_10;without;9,85;-10;10,03;47,2;1005,1;21;1,191;;14;;;;;;;;;
5-4-2024;data/;without_aoa_10_vw_10;without;9,85;-12;10,03;47,16;1005,09;21;1,19;;15;;;;;;;;;
5-4-2024;data/;without_aoa_10_vw_10;without;9,85;-14;10,03;47,2;1005,06;21;1,19;;16;;;;;;;;;
5-4-2024;data/;without_aoa_10_vw_10;without;9,85;-20;10,03;47,15;1005,05;21;1,19;;17;;;;;;;;;
;;;;;;;;;;;;;;;;;;;;;
5-4-2024;data/;without_aoa_10_vw_15;without;9,85;-20;14,99;105,22;1005,09;21,7;1,188;;1;;;;;;;;;
5-4-2024;data/;without_aoa_10_vw_15;without;9,85;-14;14,99;105,2;1005,09;21,8;1,187;;2;;;;;;;;;
5-4-2024;data/;without_aoa_10_vw_15;without;9,85;-12;14,99;105,15;1005,11;21,8;1,187;;3;;;;;;;;;
5-4-2024;data/;without_aoa_10_vw_15;without;9,85;-10;14,99;105,15;1005,11;21,9;1,187;;4;;;;;;;;;
5-4-2024;data/;without_aoa_10_vw_15;without;9,85;-8;14,99;105,14;1005,08;21,9;1,187;;5;;;;;;;;;
5-4-2024;data/;without_aoa_10_vw_15;without;9,85;-6;14,99;105,15;1005,06;21,9;1,187;;6;;;;;;;;;
5-4-2024;data/;without_aoa_10_vw_15;without;9,85;-4;14,99;105,11;1005,1;22;1,186;;7;;;;;;;;;
5-4-2024;data/;without_aoa_10_vw_15;without;9,85;-2;15;105,15;1005,11;22;1,186;;8;;;;;;;;;
5-4-2024;data/;without_aoa_10_vw_15;without;9,85;0;15;105,22;1005,11;22;1,186;;9;;;;;;;;;
5-4-2024;data/;without_aoa_10_vw_15;without;9,85;2;15;105,13;1005,09;22,1;1,186;;10;;;;;;;;;
5-4-2024;data/;without_aoa_10_vw_15;without;9,85;4;15;105,2;1005,1;22,1;1,186;;11;;;;;;;;;
5-4-2024;data/;without_aoa_10_vw_15;without;9,85;6;15,01;105,22;1005,09;22,2;1,186;;12;;;;;;;;;
5-4-2024;data/;without_aoa_10_vw_15;without;9,85;8;15;105,05;1005,12;22,2;1,186;;13;;;;;;;;;
5-4-2024;data/;without_aoa_10_vw_15;without;9,85;10;15;105,2;1005,16;22,3;1,185;;14;;;;;;;;;
5-4-2024;data/;without_aoa_10_vw_15;without;9,85;12;15;105,05;1005,14;22,3;1,185;;15;;;;;;;;;
5-4-2024;data/;without_aoa_10_vw_15;without;9,85;14;15;105,03;1005,05;22,3;1,185;;16;;;;;;;;;
5-4-2024;data/;without_aoa_10_vw_15;without;9,85;20;15;105,97;1005,03;22,4;1,185;;17;;;;;;;;;
;;;;;;;;;;;;;;;;;;;;;
5-4-2024;data/;without_aoa_10_vw_20;without;9,85;20;20,06;186,2;1005,03;23,1;1,182;;1;;;;;;;;;
5-4-2024;data/;without_aoa_10_vw_20;without;9,85;14;20,02;185,6;1005;23,3;1,181;;2;;;;;;;;;
5-4-2024;data/;without_aoa_10_vw_20;without;9,85;12;20,01;187,2;1005,05;23,5;1,18;;3;;;;;;;;;
5-4-2024;data/;without_aoa_10_vw_20;without;9,85;10;19,94;186,1;1005,06;23,6;1,18;;4;;;;;;;;;
5-4-2024;data/;without_aoa_10_vw_20;without;9,85;8;20,06;184,5;1005,02;23,8;1,179;;5;;;;;;;;;
5-4-2024;data/;without_aoa_10_vw_20;without;9,85;6;20,01;186,09;1005,01;23,9;1,178;;6;;;;;;;;;
5-4-2024;data/;without_aoa_10_vw_20;without;9,85;4;19,95;187,1;1004,99;24;1,178;;7;;;;;;;;;
5-4-2024;data/;without_aoa_10_vw_20;without;9,85;2;20,01;186;1004,98;24,1;1,178;;8;;;;;;;;;
5-4-2024;data/;without_aoa_10_vw_20;without;9,85;0;20,12;186;1004,95;24,2;1,177;;9;;;;;;;;;
5-4-2024;data/;without_aoa_10_vw_20;without;9,85;-2;19,98;186,5;1004,89;24,3;1,177;;10;;;;;;;;;
5-4-2024;data/;without_aoa_10_vw_20;without;9,85;-4;20;185,2;1004,9;24,4;1,177;;11;;;;;;;;;
5-4-2024;data/;without_aoa_10_vw_20;without;9,85;-6;19,96;184,6;1004,88;24,4;1,176;;12;;;;;;;;;
5-4-2024;data/;without_aoa_10_vw_20;without;9,85;-8;19,97;186,1;1004,88;24,5;1,176;;13;;;;;;;;;
5-4-2024;data/;without_aoa_10_vw_20;without;9,85;-10;19,98;184,7;1004,86;24,6;1,176;;14;;;;;;;;;
5-4-2024;data/;without_aoa_10_vw_20;without;9,85;-12;19,99;184,5;1004,83;24,6;1,175;;15;;;;;;;;;
5-4-2024;data/;without_aoa_10_vw_20;without;9,85;-14;19,99;186,1;1004,81;24,7;1,175;;16;;;;;;;;;
5-4-2024;data/;without_aoa_10_vw_20;without;9,85;-20;20,01;185,4;1004,82;24,8;1,175;;17;;;;;;;;;
;;;;;;maybe use average wind speed for postprocessing as the values in this measurement set changed much faster and the instantaneously written down value changed the next moment already;;;;;;;;;;;;;;;
;;;;;;;;;;;;;;;;;;;;;
5-4-2024;data/;without_aoa_10_vw_25;without;9,85;-20;25,13;287,4;1004,71;26;1,17;;1;;;;;;;;;
5-4-2024;data/;without_aoa_10_vw_25;without;9,85;-14;24,95;287,1;10047,71;26,3;1,169;;2;;;;;;;;;
5-4-2024;data/;without_aoa_10_vw_25;without;9,85;-12;24,9;285,83;1004,74;26,5;1,168;;3;;;;;;;;;
5-4-2024;data/;without_aoa_10_vw_25;without;9,85;-10;24,97;290,01;1004,7;26,7;1,167;;4;;;;;;;;;
5-4-2024;data/;without_aoa_10_vw_25;without;9,85;-8;24,84;284,2;1004,7;26,9;1,166;;5;;;;;;;;;
5-4-2024;data/;without_aoa_10_vw_25;without;9,85;-6;25,04;284,1;1004,71;27;1,166;;6;;;;;;;;;
5-4-2024;data/;without_aoa_10_vw_25;without;9,85;-4;24,96;287,4;1004,71;27,2;1,165;;7;;;;;;;;;
5-4-2024;data/;without_aoa_10_vw_25;without;9,85;-2;24,98;284,3;1004,69;27,6;1,163;;8;;Vibrates way more, than others!;;;;;;;
5-4-2024;data/;without_aoa_10_vw_25;without;9,85;0;24,71;284,88;1004,71;27,8;1,163;;9;;Also;;;;;;;
5-4-2024;data/;without_aoa_10_vw_25;without;9,85;2;24,98;286,7;1004,67;28;1,162;;10;;Also;;;;;;;
5-4-2024;data/;without_aoa_10_vw_25;without;9,85;4;24,97;281,3;1004,7;28,1;1,162;;11;;Also;;;;;;;
5-4-2024;data/;without_aoa_10_vw_25;without;9,85;6;24,98;284,4;1004,72;28,2;1,161;;12;;Also;;;;;;;
5-4-2024;data/;without_aoa_10_vw_25;without;9,85;8;24,9;286,4;1004,73;28,4;1,161;;13;;..;;;;;;;
5-4-2024;data/;without_aoa_10_vw_25;without;9,85;10;24,9;280,05;1004,73;28,6;1,16;;14;;;;;;;;;
5-4-2024;data/;without_aoa_10_vw_25;without;9,85;12;24,93;284,01;1004,69;28,7;1,16;;15;;;;;;;;;
5-4-2024;data/;without_aoa_10_vw_25;without;9,85;14;24,77;281,01;1004,7;28,8;1,159;;16;;;;;;;;;
5-4-2024;data/;without_aoa_10_vw_25;without;9,85;20;24,88;282,1;1004,67;28,9;1,159;;17;;;;;;;;;
;;;;;;maybe use average wind speed for postprocessing as the values in this measurement set changed much faster and the instantaneously written down value changed the next moment already;;;;;;;;;;;;;;;
;;;;;;;;;;;;;;;;;;;;;
5-4-2024;data/;normal_aoa_10_vw_00;normal;9,6;-20;0;-0,2;1004,34;22,6;1,183;;1;;;;;;;;;
5-4-2024;data/;normal_aoa_10_vw_00;normal;9,6;-14;0;-0,16;1004,39;22,6;1,183;;2;;;;;;;;;
5-4-2024;data/;normal_aoa_10_vw_00;normal;9,6;-12;0;-0,17;1004,36;22,6;1,183;;3;;;;;;;;;
5-4-2024;data/;normal_aoa_10_vw_00;normal;9,6;-10;0;-0,19;1004,29;22,6;1,183;;4;;;;;;;;;
5-4-2024;data/;normal_aoa_10_vw_00;normal;9,6;-8;0;-0,16;1004,34;22,6;1,183;;5;;;;;;;;;
5-4-2024;data/;normal_aoa_10_vw_00;normal;9,6;-6;0;-0,2;1004,37;22,6;1,183;;6;;;;;;;;;
5-4-2024;data/;normal_aoa_10_vw_00;normal;9,6;-4;0;-0,18;1004,37;22,6;1,183;;7;;;;;;;;;
5-4-2024;data/;normal_aoa_10_vw_00;normal;9,6;-2;0;-0,2;1004,41;22,6;1,183;;8;;;;;;;;;
5-4-2024;data/;normal_aoa_10_vw_00;normal;9,6;0;0;-0,17;1004,38;22,6;1,183;;9;;;;;;;;;
5-4-2024;data/;normal_aoa_10_vw_00;normal;9,6;2;0;-0,18;1004,37;22,6;1,183;;10;;;;;;;;;
5-4-2024;data/;normal_aoa_10_vw_00;normal;9,6;4;0;-0,16;1004,37;22,6;1,183;;11;;;;;;;;;
5-4-2024;data/;normal_aoa_10_vw_00;normal;9,6;6;0;-0,18;1004,4;22,6;1,183;;12;;;;;;;;;
5-4-2024;data/;normal_aoa_10_vw_00;normal;9,6;8;0;-0,17;1004,42;22,6;1,183;;13;;;;;;;;;
5-4-2024;data/;normal_aoa_10_vw_00;normal;9,6;10;0;-0,2;1004,4;22,6;1,183;;14;;;;;;;;;
5-4-2024;data/;normal_aoa_10_vw_00;normal;9,6;12;0;-0,18;1004,43;22,6;1,183;;15;;;;;;;;;
5-4-2024;data/;normal_aoa_10_vw_00;normal;9,6;14;0;-0,16;1004,44;22,6;1,183;;16;;;;;;;;;
5-4-2024;data/;normal_aoa_10_vw_00;normal;9,6;20;0;-0,2;1004,45;22,6;1,183;;17;;;;;;;;;
;;;;;;;;;;;;;;;;;;;;;
5-4-2024;data/;normal_aoa_10_vw_05;normal;9,6;20;4,96;11,46;1004,46;22,3;1,184;;1;;;;;;;;;
5-4-2024;data/;normal_aoa_10_vw_05;normal;9,6;14;4,96;11,43;1004,43;22,3;1,184;;2;;;;;;;;;
5-4-2024;data/;normal_aoa_10_vw_05;normal;9,6;12;4,96;11,47;1004,42;22,3;1,184;;3;;;;;;;;;
5-4-2024;data/;normal_aoa_10_vw_05;normal;9,6;10;4,96;11,48;1004,44;22,4;1,184;;4;;;;;;;;;
5-4-2024;data/;normal_aoa_10_vw_05;normal;9,6;8;4,96;11,49;1004,5;22,4;1,184;;5;;;;;;;;;
5-4-2024;data/;normal_aoa_10_vw_05;normal;9,6;6;4,97;11,43;1004,47;22,4;1,184;;6;;;;;;;;;
5-4-2024;data/;normal_aoa_10_vw_05;normal;9,6;4;4,96;11,45;1004,46;22,5;1,184;;7;;;;;;;;;
5-4-2024;data/;normal_aoa_10_vw_05;normal;9,6;2;4,96;11,48;1004,48;22,4;1,184;;8;;;;;;;;;
5-4-2024;data/;normal_aoa_10_vw_05;normal;9,6;0;4,96;11,47;1004,45;22,5;1,184;;9;;;;;;;;;
5-4-2024;data/;normal_aoa_10_vw_05;normal;9,6;-2;4,96;11,45;1004,44;22,4;1,184;;10;;;;;;;;;
5-4-2024;data/;normal_aoa_10_vw_05;normal;9,6;-4;4,96;11,47;1004,46;22,5;1,184;;11;;;;;;;;;
5-4-2024;data/;normal_aoa_10_vw_05;normal;9,6;-6;4,96;11,43;1004,43;22,5;1,184;;12;;;;;;;;;
5-4-2024;data/;normal_aoa_10_vw_05;normal;9,6;-8;4,96;11,47;1004,45;22,5;1,184;;13;;;;;;;;;
5-4-2024;data/;normal_aoa_10_vw_05;normal;9,6;-10;4,96;11,47;1004,42;22,5;1,184;;14;;;;;;;;;
5-4-2024;data/;normal_aoa_10_vw_05;normal;9,6;-12;4,96;11,45;1004,46;22,5;1,184;;15;;;;;;;;;
5-4-2024;data/;normal_aoa_10_vw_05;normal;9,6;-14;4,96;11,49;1004,47;22,5;1,184;;16;;;;;;;;;
5-4-2024;data/;normal_aoa_10_vw_05;normal;9,6;-20;4,96;11,47;1004,51;22,5;1,184;;17;;;;;;;;;
;;;;;;;;;;;;;;;;;;;;;
5-4-2024;data/;normal_aoa_10_vw_10;normal;9,6;-20;10,01;46,63;1004,73;23,4;1,18;;1;;;;;;;;;
5-4-2024;data/;normal_aoa_10_vw_10;normal;9,6;-14;10,01;46,6;1004,76;23,4;1,181;;2;;;;;;;;;
5-4-2024;data/;normal_aoa_10_vw_10;normal;9,6;-12;10,01;46,68;1004,79;23,3;1,181;;3;;;;;;;;;
5-4-2024;data/;normal_aoa_10_vw_10;normal;9,6;-10;10,01;46,64;1004,75;23,3;1,181;;4;;;;;;;;;
5-4-2024;data/;normal_aoa_10_vw_10;normal;9,6;-8;10,01;46,66;1004,8;23,3;1,181;;5;;;;;;;;;
5-4-2024;data/;normal_aoa_10_vw_10;normal;9,6;-6;10,01;46,7;1004,81;23,3;1,181;;6;;;;;;;;;
5-4-2024;data/;normal_aoa_10_vw_10;normal;9,6;-4;10,01;46,62;1004,77;23,3;1,181;;7;;;;;;;;;
5-4-2024;data/;normal_aoa_10_vw_10;normal;9,6;-2;10,01;46,65;1004,79;23,3;1,181;;8;;;;;;;;;
5-4-2024;data/;normal_aoa_10_vw_10;normal;9,6;0;10,01;46,64;1004,8;23,3;1,181;;9;;;;;;;;;
5-4-2024;data/;normal_aoa_10_vw_10;normal;9,6;2;10,01;46,7;1004,8;23,3;1,181;;10;;;;;;;;;
5-4-2024;data/;normal_aoa_10_vw_10;normal;9,6;4;10,01;46,72;1004,8;23,3;1,181;;11;;;;;;;;;
5-4-2024;data/;normal_aoa_10_vw_10;normal;9,6;6;10,01;46,72;1004,83;23,3;1,181;;12;;;;;;;;;
5-4-2024;data/;normal_aoa_10_vw_10;normal;9,6;8;10,01;46,71;1004,87;23,3;1,181;;13;;;;;;;;;
5-4-2024;data/;normal_aoa_10_vw_10;normal;9,6;10;10,01;46,72;1004,86;23,3;1,181;;14;;;;;;;;;
5-4-2024;data/;normal_aoa_10_vw_10;normal;9,6;12;10,01;46,72;1004,86;23,3;1,181;;15;;;;;;;;;
5-4-2024;data/;normal_aoa_10_vw_10;normal;9,6;14;10,01;46,65;1004,87;23,3;1,181;;16;;;;;;;;;
5-4-2024;data/;normal_aoa_10_vw_10;normal;9,6;20;10,01;46,7;1004,85;23,3;1,181;;17;;;;;;;;;
;;;;;;;;;;;;;;;;;;;;;
5-4-2024;data/;normal_aoa_10_vw_15;normal;9,6;20;15;104,52;1004,8;23,7;1,179;;1;;;;;;;;;
5-4-2024;data/;normal_aoa_10_vw_15;normal;9,6;14;15;104,5;1004,82;23,8;1,179;;2;;;;;;;;;
5-4-2024;data/;normal_aoa_10_vw_15;normal;9,6;12;15;104,49;1004,81;23,9;1,179;;3;;;;;;;;;
5-4-2024;data/;normal_aoa_10_vw_15;normal;9,6;10;15;104,48;1004,83;23,9;1,178;;4;;;;;;;;;
5-4-2024;data/;normal_aoa_10_vw_15;normal;9,6;8;15;104,42;1004,82;24;1,178;;5;;;;;;;;;
5-4-2024;data/;normal_aoa_10_vw_15;normal;9,6;6;15;104,47;1004,89;24;1,178;;6;;;;;;;;;
5-4-2024;data/;normal_aoa_10_vw_15;normal;9,6;4;15;104,53;1004,87;24;1,178;;7;;;;;;;;;
5-4-2024;data/;normal_aoa_10_vw_15;normal;9,6;2;15;104,43;1004,91;24,1;1,178;;8;;;;;;;;;
5-4-2024;data/;normal_aoa_10_vw_15;normal;9,6;0;15;104,42;1004,95;24,1;1,178;;9;;;;;;;;;
5-4-2024;data/;normal_aoa_10_vw_15;normal;9,6;-2;15;104,51;1004,94;24,1;1,178;;10;;;;;;;;;
5-4-2024;data/;normal_aoa_10_vw_15;normal;9,6;-4;15;104,36;1004,98;24,2;1,178;;11;;;;;;;;;
5-4-2024;data/;normal_aoa_10_vw_15;normal;9,6;-6;15;104,41;1005;24,2;1,177;;12;;;;;;;;;
5-4-2024;data/;normal_aoa_10_vw_15;normal;9,6;-8;15;104,33;1005,02;24,2;1,177;;13;;;;;;;;;
5-4-2024;data/;normal_aoa_10_vw_15;normal;9,6;-10;15;104,39;1004,99;24,2;1,177;;14;;;;;;;;;
5-4-2024;data/;normal_aoa_10_vw_15;normal;9,6;-12;15;104,44;1004,99;24,3;1,177;;15;;;;;;;;;
5-4-2024;data/;normal_aoa_10_vw_15;normal;9,6;-14;15;104,29;1005,01;24,3;1,177;;16;;;;;;;;;
5-4-2024;data/;normal_aoa_10_vw_15;normal;9,6;-20;15;104,22;1004,99;24,3;1,177;;17;;;;;;;;;
;;;;;;;;;;;;;;;;;;;;;
5-4-2024;data/;normal_aoa_10_vw_20;normal;9,6;-20;20,06;184,5;1005,03;25,2;1,173;;1;;;;;;;;;
5-4-2024;data/;normal_aoa_10_vw_20;normal;9,6;-14;19,94;184,5;1005,01;25,3;1,173;;2;;;;;;;;;
5-4-2024;data/;normal_aoa_10_vw_20;normal;9,6;-12;19,99;185,37;1005,05;25,4;1,173;;3;;;;;;;;;
5-4-2024;data/;normal_aoa_10_vw_20;normal;9,6;-10;19,98;184,2;1005,05;25,5;1,172;;4;;;;;;;;;
5-4-2024;data/;normal_aoa_10_vw_20;normal;9,6;-8;20,01;185,3;1005,08;25,6;1,172;;5;;;;;;;;;
5-4-2024;data/;normal_aoa_10_vw_20;normal;9,6;-6;20,03;183,5;1005,07;25,6;1,172;;6;;;;;;;;;
5-4-2024;data/;normal_aoa_10_vw_20;normal;9,6;-4;20,02;186,2;1005,05;25,8;1,171;;7;;;;;;;;;
5-4-2024;data/;normal_aoa_10_vw_20;normal;9,6;-2;19,98;186,5;1005,14;25,8;1,171;;8;;;;;;;;;
5-4-2024;data/;normal_aoa_10_vw_20;normal;9,6;0;20,02;184,02;1005,14;25,9;1,171;;9;;;;;;;;;
5-4-2024;data/;normal_aoa_10_vw_20;normal;9,6;2;20,01;184,5;1005,11;26;1,171;;10;;;;;;;;;
5-4-2024;data/;normal_aoa_10_vw_20;normal;9,6;4;20,02;184;1005,16;26;1,171;;11;;;;;;;;;
5-4-2024;data/;normal_aoa_10_vw_20;normal;9,6;6;19,97;184;1005,11;26,1;1,17;;12;;;;;;;;;
5-4-2024;data/;normal_aoa_10_vw_20;normal;9,6;8;20,01;184,5;1005,09;26,1;1,17;;13;;;;;;;;;
5-4-2024;data/;normal_aoa_10_vw_20;normal;9,6;10;20,03;183,4;1005,14;26,3;1,17;;14;;;;;;;;;
5-4-2024;data/;normal_aoa_10_vw_20;normal;9,6;12;20,04;18,5;1005,15;26,3;1,169;;15;;;;;;;;;
5-4-2024;data/;normal_aoa_10_vw_20;normal;9,6;14;19,92;184;1005,18;26,3;1,169;;16;;;;;;;;;
5-4-2024;data/;normal_aoa_10_vw_20;normal;9,6;20;19,94;182,4;1005,25;26,4;1,169;;17;;;;;;;;;
;;;;;;;;;;;;;;;;;;;;;
5-4-2024;data/;normal_aoa_10_vw_25;normal;9,6;20;25,11;285,5;1005,37;28,2;1,162;;1;;;;;;;;;
5-4-2024;data/;normal_aoa_10_vw_25;normal;9,6;14;24,94;286,2;1005,46;28,6;1,161;;2;;;;;;;;;
5-4-2024;data/;normal_aoa_10_vw_25;normal;9,6;12;24,9;281;1005,48;28,8;1,16;;3;;;;;;;;;
5-4-2024;data/;normal_aoa_10_vw_25;normal;9,6;10;24,8;284;1005,4;29;1,159;;4;;;;;;;;;
5-4-2024;data/;normal_aoa_10_vw_25;normal;9,6;8;24,9;281,5;1005,49;29,2;1,159;;5;;;;;;;;;
5-4-2024;data/;normal_aoa_10_vw_25;normal;9,6;6;24,88;280,1;1005,33;29,4;1,158;;6;;;;;;;;;
5-4-2024;data/;normal_aoa_10_vw_25;normal;9,6;4;24,9;282,5;1005,33;29,5;1,157;;7;;;;;;;;;
5-4-2024;data/;normal_aoa_10_vw_25;normal;9,6;2;24,81;282,1;1005,43;30,1;1,155;;8;;;;;;;;;
5-4-2024;data/;normal_aoa_10_vw_25;normal;9,6;0;24,8;280;1005,38;30,4;1,154;;9;;;;;;;;;
5-4-2024;data/;normal_aoa_10_vw_25;normal;9,6;-2;24,9;280;1005,42;30,5;1,154;;10;;;;;;;;;
5-4-2024;data/;normal_aoa_10_vw_25;normal;9,6;-4;24,8;283;1005,46;30,6;1,153;;11;;;;;;;;;
5-4-2024;data/;normal_aoa_10_vw_25;normal;9,6;-6;24,9;280;1005,47;30,7;1,153;;12;;;;;;;;;
5-4-2024;data/;normal_aoa_10_vw_25;normal;9,6;-8;24,89;279;1005,5;30,8;1,152;;13;;;;;;;;;
5-4-2024;data/;normal_aoa_10_vw_25;normal;9,6;-10;24,84;278;1005,59;30,9;1,152;;14;;;;;;;;;
5-4-2024;data/;normal_aoa_10_vw_25;normal;9,6;-12;24,8;280;1005,64;31;1,152;;15;;;;;;;;;
5-4-2024;data/;normal_aoa_10_vw_25;normal;9,6;-14;24,7;281;1005,57;31;1,152;;16;;;;;;;;;
5-4-2024;data/;normal_aoa_10_vw_25;normal;9,6;-20;24,8;281;1005,62;31,2;1,151;;17;;;;;;;;;
;;;;;;;;;;;;;;;;;;;;;
5-4-2024;data/;without_aoa_25_vw_00;without;25,1;20;0,9;-0,47;1006,03;26,6;1,169;;1;;;;;;;;;
5-4-2024;data/;without_aoa_25_vw_00;without;25,1;14;0,65;-0,37;1006,05;26,6;1,169;;2;;;;;;;;;
5-4-2024;data/;without_aoa_25_vw_00;without;25,1;12;0,83;-0,39;1006,04;26,6;1,169;;3;;;;;;;;;
5-4-2024;data/;without_aoa_25_vw_00;without;25,1;10;1,01;-0,24;1006,08;26,6;1,169;;4;;;;;;;;;
5-4-2024;data/;without_aoa_25_vw_00;without;25,1;8;0,43;-0,22;1006,13;26,6;1,169;;5;;;;;;;;;
5-4-2024;data/;without_aoa_25_vw_00;without;25,1;6;0,89;-0,39;1006,15;26,6;1,169;;6;;;;;;;;;
5-4-2024;data/;without_aoa_25_vw_00;without;25,1;4;1,05;-0,42;1006,01;26,6;1,169;;7;;;;;;;;;
5-4-2024;data/;without_aoa_25_vw_00;without;25,1;2;0,98;-0,43;1006,11;26,6;1,169;;8;;;;;;;;;
5-4-2024;data/;without_aoa_25_vw_00;without;25,1;0;0,87;-0,4;1006,11;26,6;1,169;;9;;;;;;;;;
5-4-2024;data/;without_aoa_25_vw_00;without;25,1;-2;0,95;-0,43;1006,02;26,6;1,169;;10;;;;;;;;;
5-4-2024;data/;without_aoa_25_vw_00;without;25,1;-4;1,04;-0,45;1005,99;26,6;1,169;;11;;;;;;;;;
5-4-2024;data/;without_aoa_25_vw_00;without;25,1;-6;0,87;-0,41;1006,06;26,6;1,169;;12;;;;;;;;;
5-4-2024;data/;without_aoa_25_vw_00;without;25,1;-8;0,88;-0,43;1006,25;26,5;1,169;;13;;;;;;;;;
5-4-2024;data/;without_aoa_25_vw_00;without;25,1;-10;0,91;-0,41;1006,07;26,6;1,17;;14;;;;;;;;;
5-4-2024;data/;without_aoa_25_vw_00;without;25,1;-12;0,91;-0,41;1006,08;26,5;1,17;;15;;;;;;;;;
5-4-2024;data/;without_aoa_25_vw_00;without;25,1;-14;0,96;-0,42;1006,03;26,5;1,17;;16;;;;;;;;;
5-4-2024;data/;without_aoa_25_vw_00;without;25,1;-20;0,84;-0,35;1006,14;26,4;1,17;;17;;;;;;;;;
;;;;;;;;;;;;;;;;;;;;;
5-4-2024;data/;without_aoa_25_vw_05;without;25,1;-20;4,98;11,38;1006,03;25,5;1,173;;1;;;;;;;;;
5-4-2024;data/;without_aoa_25_vw_05;without;25,1;-14;4,98;11,41;1006,04;25,5;1,173;;2;;;;;;;;;
5-4-2024;data/;without_aoa_25_vw_05;without;25,1;-12;4,98;11,45;1006,02;25,5;1,173;;3;;;;;;;;;
5-4-2024;data/;without_aoa_25_vw_05;without;25,1;-10;4,99;11,47;1006,1;25,5;1,174;;4;;;;;;;;;
5-4-2024;data/;without_aoa_25_vw_05;without;25,1;-8;4,97;11,39;1006,03;25,5;1,173;;5;;;;;;;;;
5-4-2024;data/;without_aoa_25_vw_05;without;25,1;-6;5;11,42;1006,02;25,5;1,173;;6;;;;;;;;;
5-4-2024;data/;without_aoa_25_vw_05;without;25,1;-4;5;11,53;1006,08;25,5;1,174;;7;;;;;;;;;
5-4-2024;data/;without_aoa_25_vw_05;without;25,1;-2;4,99;11,43;1006,09;25,5;1,174;;8;;;;;;;;;
5-4-2024;data/;without_aoa_25_vw_05;without;25,1;0;4,97;11,43;1006,05;25,5;1,174;;9;;;;;;;;;
5-4-2024;data/;without_aoa_25_vw_05;without;25,1;2;4,98;11,45;1006,1;25,5;1,174;;10;;;;;;;;;
5-4-2024;data/;without_aoa_25_vw_05;without;25,1;4;4,99;11,43;1006,08;25,5;1,174;;11;;;;;;;;;
5-4-2024;data/;without_aoa_25_vw_05;without;25,1;6;4,98;11,51;1006,16;25,5;1,174;;12;;;;;;;;;
5-4-2024;data/;without_aoa_25_vw_05;without;25,1;8;4,98;11,5;1006,1;25,5;1,174;;13;;;;;;;;;
5-4-2024;data/;without_aoa_25_vw_05;without;25,1;10;4,99;11,4;1006,1;25,5;1,174;;14;;;;;;;;;
5-4-2024;data/;without_aoa_25_vw_05;without;25,1;12;4,97;11,52;1006,13;25,5;1,174;;15;;;;;;;;;
5-4-2024;data/;without_aoa_25_vw_05;without;25,1;14;4,99;11,47;1006,14;25,5;1,174;;16;;;;;;;;;
5-4-2024;data/;without_aoa_25_vw_05;without;25,1;20;4,99;11,47;1006,1;25,5;1,174;;17;;;;;;;;;
;;;;;;;;;;;;;;;;;;;;;
5-4-2024;data/;without_aoa_25_vw_10;without;25,1;20;9,98;46,1;1005,98;25,6;1,173;;1;;;;;;;;;
5-4-2024;data/;without_aoa_25_vw_10;without;25,1;14;9,97;45,99;1006;25,7;1,173;;2;;;;;;;;;
5-4-2024;data/;without_aoa_25_vw_10;without;25,1;12;9,98;46,05;1006,01;25,7;1,173;;3;;;;;;;;;
5-4-2024;data/;without_aoa_25_vw_10;without;25,1;10;9,99;46,07;1006,07;25,7;1,173;;4;;;;;;;;;
5-4-2024;data/;without_aoa_25_vw_10;without;25,1;8;9,99;46,12;1006,1;25,7;1,173;;5;;;;;;;;;
5-4-2024;data/;without_aoa_25_vw_10;without;25,1;6;9,99;46,15;1006,1;25,7;1,173;;6;;;;;;;;;
5-4-2024;data/;without_aoa_25_vw_10;without;25,1;4;9,99;46,05;1006,1;25,7;1,173;;7;;;;;;;;;
5-4-2024;data/;without_aoa_25_vw_10;without;25,1;2;10;46,15;1006,2;25,7;1,173;;8;;;;;;;;;
5-4-2024;data/;without_aoa_25_vw_10;without;25,1;0;9,98;46,11;1006,08;25,7;1,173;;9;;;;;;;;;
5-4-2024;data/;without_aoa_25_vw_10;without;25,1;-2;9,99;45,95;1006,08;25,7;1,173;;10;;;;;;;;;
5-4-2024;data/;without_aoa_25_vw_10;without;25,1;-4;9,99;46,11;1006,08;25,7;1,173;;11;;;;;;;;;
5-4-2024;data/;without_aoa_25_vw_10;without;25,1;-6;10;46,19;1006,06;25,7;1,173;;12;;;;;;;;;
5-4-2024;data/;without_aoa_25_vw_10;without;25,1;-8;9,99;46,17;1006,18;25,7;1,173;;13;;;;;;;;;
5-4-2024;data/;without_aoa_25_vw_10;without;25,1;-10;9,98;46,11;1006,08;25,7;1,173;;14;;;;;;;;;
5-4-2024;data/;without_aoa_25_vw_10;without;25,1;-12;9,99;46,1;1006,05;25,7;1,173;;15;;;;;;;;;
5-4-2024;data/;without_aoa_25_vw_10;without;25,1;-14;9,98;46,07;1006,15;25,7;1,173;;16;;;;;;;;;
5-4-2024;data/;without_aoa_25_vw_10;without;25,1;-20;9,99;46,07;1006,14;25,7;1,173;;17;;;;;;;;;
;;;;;;;;;;;;;;;;;;;;;
5-4-2024;data/;without_aoa_25_vw_15;without;25,1;-20;14,99;103,59;1006,12;26,1;1,171;;1;;;;;;;;;
5-4-2024;data/;without_aoa_25_vw_15;without;25,1;-14;14,99;103,65;1006,18;26,2;1,171;;2;;;;;;;;;
5-4-2024;data/;without_aoa_25_vw_15;without;25,1;-12;14,99;103,64;1006,17;26,3;1,171;;3;;;;;;;;;
5-4-2024;data/;without_aoa_25_vw_15;without;25,1;-10;14,98;103,56;1006,18;26,3;1,17;;4;;;;;;;;;
5-4-2024;data/;without_aoa_25_vw_15;without;25,1;-8;15;103,72;1006,2;26,3;1,17;;5;;;;;;;;;
5-4-2024;data/;without_aoa_25_vw_15;without;25,1;-6;14,99;103,47;1006,19;26,4;1,17;;6;;;;;;;;;
5-4-2024;data/;without_aoa_25_vw_15;without;25,1;-4;14,95;103,14;1006,16;26,4;1,17;;7;;;;;;;;;
5-4-2024;data/;without_aoa_25_vw_15;without;25,1;-2;14,94;103,13;1006,19;26,5;1,17;;8;;;;;;;;;
5-4-2024;data/;without_aoa_25_vw_15;without;25,1;0;14,96;103,09;1006,17;26,5;1,17;;9;;;;;;;;;
5-4-2024;data/;without_aoa_25_vw_15;without;25,1;2;14,96;103,15;1006,2;26,5;1,17;;10;;;;;;;;;
5-4-2024;data/;without_aoa_25_vw_15;without;25,1;4;14,96;103,05;1006,16;26,5;1,17;;11;;;;;;;;;
5-4-2024;data/;without_aoa_25_vw_15;without;25,1;6;14,96;103,1;1006,24;26,5;1,17;;12;;;;;;;;;
5-4-2024;data/;without_aoa_25_vw_15;without;25,1;8;14,95;102,96;1006,17;26,6;1,17;;13;;;;;;;;;
5-4-2024;data/;without_aoa_25_vw_15;without;25,1;10;14,95;102,93;1006,25;26,6;1,17;;14;;;;;;;;;
5-4-2024;data/;without_aoa_25_vw_15;without;25,1;12;14,95;103,09;1006,19;26,6;1,169;;15;;;;;;;;;
5-4-2024;data/;without_aoa_25_vw_15;without;25,1;14;14,94;102,8;1006,23;26,7;1,169;;16;;;;;;;;;
5-4-2024;data/;without_aoa_25_vw_15;without;25,1;20;14,95;102,99;1006,32;26,7;1,169;;17;;;;;;;;;
;;;;;;;;;;;;;;;;;;;;;
5-4-2024;data/;without_aoa_25_vw_20;without;25,1;20;19,9;181,25;1006,28;27,8;1,165;;1;;;;;;;;;
5-4-2024;data/;without_aoa_25_vw_20;without;25,1;14;19,97;183,12;1006,33;27,9;1,164;;2;;;;;;;;;
5-4-2024;data/;without_aoa_25_vw_20;without;25,1;12;19,93;182;1006,35;28,1;1,164;;3;;;;;;;;;
5-4-2024;data/;without_aoa_25_vw_20;without;25,1;10;20,05;183;1006,33;28,1;1,164;;4;;;;;;;;;
5-4-2024;data/;without_aoa_25_vw_20;without;25,1;8;19,98;183;1006,33;28,2;1,163;;5;;;;;;;;;
5-4-2024;data/;without_aoa_25_vw_20;without;25,1;6;20,08;182;1006,36;28,2;1,163;;6;;;;;;;;;
5-4-2024;data/;without_aoa_25_vw_20;without;25,1;4;20,01;182;1006,35;28,3;1,163;;7;;;;;;;;;
5-4-2024;data/;without_aoa_25_vw_20;without;25,1;2;19,96;182;1006,4;28,3;1,163;;8;;;;;;;;;
5-4-2024;data/;without_aoa_25_vw_20;without;25,1;0;19,98;183;1006,41;28,4;1,163;;9;;;;;;;;;
5-4-2024;data/;without_aoa_25_vw_20;without;25,1;-2;20,01;183;1006,31;28,5;1,162;;10;;;;;;;;;
5-4-2024;data/;without_aoa_25_vw_20;without;25,1;-4;20,02;182;1006,4;28,5;1,162;;11;;;;;;;;;
5-4-2024;data/;without_aoa_25_vw_20;without;25,1;-6;20,04;183;1006,38;28,6;1,162;;12;;;;;;;;;
5-4-2024;data/;without_aoa_25_vw_20;without;25,1;-8;20,03;183;1006,34;28,6;1,162;;13;;;;;;;;;
5-4-2024;data/;without_aoa_25_vw_20;without;25,1;-10;19,95;183;1006,35;28,7;1,162;;14;;;;;;;;;
5-4-2024;data/;without_aoa_25_vw_20;without;25,1;-12;19,97;184;1006,38;28,7;1,161;;15;;;;;;;;;
5-4-2024;data/;without_aoa_25_vw_20;without;25,1;-14;19,98;181;1006,4;28,8;1,161;;16;;;;;;;;;
5-4-2024;data/;without_aoa_25_vw_20;without;25,1;-20;20;181;1006,33;28,9;1,161;;17;;;;;;;;;
;;;;;;;;;;;;;;;;;;;;;
5-4-2024;data/;without_aoa_25_vw_25;without;25,1;-20;24,81;281;1006,48;30,4;1,155;;1;;;;;;;;;
5-4-2024;data/;without_aoa_25_vw_25;without;25,1;-14;24,81;282;1006,39;30,7;1,154;;2;;;;;;;;;
5-4-2024;data/;without_aoa_25_vw_25;without;25,1;-12;24,75;279;1006,41;30,8;1,153;;3;;;;;;;;;
5-4-2024;data/;without_aoa_25_vw_25;without;25,1;-10;24,84;280;1006,41;30,9;1,153;;4;;;;;;;;;
5-4-2024;data/;without_aoa_25_vw_25;without;25,1;-8;25;280;1006,46;31,1;1,152;;5;;;;;;;;;
5-4-2024;data/;without_aoa_25_vw_25;without;25,1;-6;24,79;279;1006,42;31,1;1,152;;6;;;;;;;;;
5-4-2024;data/;without_aoa_25_vw_25;without;25,1;-4;24,69;277;1006,43;31,3;1,152;;7;;;;;;;;;
5-4-2024;data/;without_aoa_25_vw_25;without;25,1;-2;24,77;281;1006,41;31,4;1,151;;8;;;;;;;;;
5-4-2024;data/;without_aoa_25_vw_25;without;25,1;0;24,81;279;1006,53;31,5;1,151;;9;;;;;;;;;
5-4-2024;data/;without_aoa_25_vw_25;without;25,1;2;24,75;279;1006,42;31,7;1,15;;10;;;;;;;;;
5-4-2024;data/;without_aoa_25_vw_25;without;25,1;4;24,94;279;1006,4;31,8;1,15;;11;;;;;;;;;
5-4-2024;data/;without_aoa_25_vw_25;without;25,1;6;24,74;279;1006,45;31,9;1,149;;12;;;;;;;;;
5-4-2024;data/;without_aoa_25_vw_25;without;25,1;8;24,84;278;1006,33;31,9;1,149;;13;;;;;;;;;
5-4-2024;data/;without_aoa_25_vw_25;without;25,1;10;24,81;277;1006,45;32;1,149;;14;;;;;;;;;
5-4-2024;data/;without_aoa_25_vw_25;without;25,1;12;24,72;276;1006,43;32,1;1,149;;15;;;;;;;;;
5-4-2024;data/;without_aoa_25_vw_25;without;25,1;14;24,84;278;1006,38;32,2;1,148;;16;;;;;;;;;
5-4-2024;data/;without_aoa_25_vw_25;without;25,1;20;24,73;280;1006,41;32,3;1,148;;17;;;;;;;;;
;;;;;;;;;;;;;;;;;;;;;
5-4-2024;data/;normal_aoa_25_vw_00;normal;25,1;20;0,96;-0,51;1006,82;25,6;1,174;;1;;;;;;;;;
5-4-2024;data/;normal_aoa_25_vw_00;normal;25,1;0;1,08;-0,53;1006,86;25,7;1,174;;2;;;;;;;;;
5-4-2024;data/;normal_aoa_25_vw_00;normal;25,1;-20;0,99;-0,52;1006,93;25,7;1,174;;3;;;;;;;;;
;;;;;;;;decided to only measure the extreme value as revious measurements with 0 wind speed indicated that most forces were insensitive to side slip angle. Only exception was F_y, which exhibited a linear relation that should be captured by the extremes;;;;;;;;;;;;;
;;;;;;;;;;;;;;;;;;;;;
5-4-2024;data/;normal_aoa_25_vw_05;normal;25,1;-20;5;11,54;1006,89;25,5;1,175;;1;;;;;;;;;
5-4-2024;data/;normal_aoa_25_vw_05;normal;25,1;-14;5,01;11,58;1006,95;25,5;1,175;;2;;;;;;;;;
5-4-2024;data/;normal_aoa_25_vw_05;normal;25,1;-12;5;11,55;1006,93;25,5;1,174;;3;;;;;;;;;
5-4-2024;data/;normal_aoa_25_vw_05;normal;25,1;-10;5,02;11,6;1006,99;25,5;1,174;;4;;;;;;;;;
5-4-2024;data/;normal_aoa_25_vw_05;normal;25,1;-8;5,02;11,63;1006,99;25,5;1,174;;5;;;;;;;;;
5-4-2024;data/;normal_aoa_25_vw_05;normal;25,1;-6;5;11,55;1006,96;25,5;1,174;;6;;;;;;;;;
5-4-2024;data/;normal_aoa_25_vw_05;normal;25,1;-4;5,02;11,62;1006,95;25,5;1,174;;7;;;;;;;;;
5-4-2024;data/;normal_aoa_25_vw_05;normal;25,1;-2;5;11,51;1006,94;25,6;1,174;;8;;;;;;;;;
5-4-2024;data/;normal_aoa_25_vw_05;normal;25,1;0;5;11,52;1006,96;25,6;1,174;;9;;;;;;;;;
5-4-2024;data/;normal_aoa_25_vw_05;normal;25,1;2;5,03;11,45;1006,96;25,6;1,174;;10;;;;;;;;;
5-4-2024;data/;normal_aoa_25_vw_05;normal;25,1;4;5,02;11,65;1007,03;25,6;1,174;;11;;;;;;;;;
5-4-2024;data/;normal_aoa_25_vw_05;normal;25,1;6;5;11,61;1007,01;25,6;1,174;;12;;;;;;;;;
5-4-2024;data/;normal_aoa_25_vw_05;normal;25,1;8;5;11,53;1006,98;25,6;1,174;;13;;;;;;;;;
5-4-2024;data/;normal_aoa_25_vw_05;normal;25,1;10;5;11,51;1006,96;25,6;1,174;;14;;;;;;;;;
5-4-2024;data/;normal_aoa_25_vw_05;normal;25,1;12;5,01;11,61;1006,81;25,6;1,174;;15;;;;;;;;;
5-4-2024;data/;normal_aoa_25_vw_05;normal;25,1;14;5;11,57;1006,98;25,6;1,174;;16;;;;;;;;;
5-4-2024;data/;normal_aoa_25_vw_05;normal;25,1;20;5;11,59;1006,96;25,6;1,174;;17;;;;;;;;;
;;;;;;;;;;;;;;;;;;;;;
5-4-2024;data/;normal_aoa_25_vw_10;normal;25,1;20;10,04;46,57;1006,92;25,9;1,173;;1;;;;;;;;;
5-4-2024;data/;normal_aoa_25_vw_10;normal;25,1;14;10,05;46,66;1006,95;25,9;1,173;;2;;;;;;;;;
5-4-2024;data/;normal_aoa_25_vw_10;normal;25,1;12;10,04;45,65;1006,9;26;1,173;;3;;;;;;;;;
5-4-2024;data/;normal_aoa_25_vw_10;normal;25,1;10;10,04;46,62;1006,92;26;1,173;;4;;;;;;;;;
5-4-2024;data/;normal_aoa_25_vw_10;normal;25,1;8;10,04;46,63;1006,94;26;1,173;;5;;;;;;;;;
5-4-2024;data/;normal_aoa_25_vw_10;normal;25,1;6;10,03;46,54;1006,84;26;1,172;;6;;;;;;;;;
5-4-2024;data/;normal_aoa_25_vw_10;normal;25,1;4;10,05;46,65;1006,53;26;1,172;;7;;;;;;;;;
5-4-2024;data/;normal_aoa_25_vw_10;normal;25,1;2;10,04;46,66;1006,9;26,1;1,172;;8;;;;;;;;;
5-4-2024;data/;normal_aoa_25_vw_10;normal;25,1;0;10,04;46,62;1006,9;26,1;1,172;;9;;;;;;;;;
5-4-2024;data/;normal_aoa_25_vw_10;normal;25,1;-2;10,04;46,6;1006,93;26,1;1,172;;10;;;;;;;;;
5-4-2024;data/;normal_aoa_25_vw_10;normal;25,1;-4;10,04;46,58;1006,87;26,1;1,172;;11;;;;;;;;;
5-4-2024;data/;normal_aoa_25_vw_10;normal;25,1;-6;10,03;46,53;1006,85;26,1;1,172;;12;;;;;;;;;
5-4-2024;data/;normal_aoa_25_vw_10;normal;25,1;-8;10,06;46,67;1006,89;26,1;1,172;;13;;;;;;;;;
5-4-2024;data/;normal_aoa_25_vw_10;normal;25,1;-10;10,04;46,53;1006,82;26,1;1,172;;14;;;;;;;;;
5-4-2024;data/;normal_aoa_25_vw_10;normal;25,1;-12;10,05;46,62;1006,9;26,1;1,172;;15;;;;;;;;;
5-4-2024;data/;normal_aoa_25_vw_10;normal;25,1;-14;10,04;46,57;1006,71;26,1;1,172;;16;;;;;;;;;
5-4-2024;data/;normal_aoa_25_vw_10;normal;25,1;-20;10,05;46,59;1006,89;26,1;1,172;;17;;;;;;;;;
;;;;;;;;;;;;;;;;;;;;;
5-4-2024;data/;normal_aoa_25_vw_15;normal;25,1;-20;15,01;103,97;1006,94;26,5;1,17;;1;;;;;;;;;
5-4-2024;data/;normal_aoa_25_vw_15;normal;25,1;-14;15;103,43;1006,91;26,6;1,17;;2;;;;;;;;;
5-4-2024;data/;normal_aoa_25_vw_15;normal;25,1;-12;14,98;103,37;1006,89;26,7;1,17;;3;;;;;;;;;
5-4-2024;data/;normal_aoa_25_vw_15;normal;25,1;-10;14,98;103,34;1006,91;26,8;1,17;;4;;;;;;;;;
5-4-2024;data/;normal_aoa_25_vw_15;normal;25,1;-8;14,98;103,34;1006,97;26,8;1,169;;5;;;;;;;;;
5-4-2024;data/;normal_aoa_25_vw_15;normal;25,1;-6;14,98;103,45;1006,9;26,9;1,169;;6;;;;;;;;;
5-4-2024;data/;normal_aoa_25_vw_15;normal;25,1;-4;14,98;103,27;1006,93;26,9;1,169;;7;;;;;;;;;
5-4-2024;data/;normal_aoa_25_vw_15;normal;25,1;-2;14,98;103,33;1006,91;26,9;1,169;;8;;;;;;;;;
5-4-2024;data/;normal_aoa_25_vw_15;normal;25,1;0;14,98;103,33;1006,95;27;1,169;;9;;;;;;;;;
5-4-2024;data/;normal_aoa_25_vw_15;normal;25,1;2;14,98;103,34;1006,86;27;1,169;;10;;;;;;;;;
5-4-2024;data/;normal_aoa_25_vw_15;normal;25,1;4;14,99;103,29;1006,87;27;1,168;;11;;;;;;;;;
5-4-2024;data/;normal_aoa_25_vw_15;normal;25,1;6;14,98;103,36;1006,91;27,1;1,168;;12;;;;;;;;;
5-4-2024;data/;normal_aoa_25_vw_15;normal;25,1;8;14,97;103,29;1006,84;27,1;1,168;;13;;;;;;;;;
5-4-2024;data/;normal_aoa_25_vw_15;normal;25,1;10;14,98;103,19;1006,89;27,1;1,168;;14;;;;;;;;;
5-4-2024;data/;normal_aoa_25_vw_15;normal;25,1;12;14,97;103,26;1006,9;27,2;1,168;;15;;;;;;;;;
5-4-2024;data/;normal_aoa_25_vw_15;normal;25,1;14;14,98;103,34;1006,88;27,2;1,168;;16;;;;;;;;;
5-4-2024;data/;normal_aoa_25_vw_15;normal;25,1;20;14,98;103,27;1006,91;27,2;1,168;;17;;;;;;;;;
;;;;;;;;;;;;;;;;;;;;;
5-4-2024;data/;normal_aoa_25_vw_20;normal;25,1;20;20,01;183;1006,92;28,3;1,164;;1;;;;;;;;;
5-4-2024;data/;normal_aoa_25_vw_20;normal;25,1;14;19,94;183;1006,97;28,4;1,163;;2;;;;;;;;;
5-4-2024;data/;normal_aoa_25_vw_20;normal;25,1;12;19,9;180;1006,98;28,5;1,163;;3;;;;;;;;;
5-4-2024;data/;normal_aoa_25_vw_20;normal;25,1;10;19,96;182;1006,98;28,7;1,162;;4;;;;;;;;;
5-4-2024;data/;normal_aoa_25_vw_20;normal;25,1;8;19,92;182;1007;28,8;1,162;;5;;;;;;;;;
5-4-2024;data/;normal_aoa_25_vw_20;normal;25,1;6;19,94;181;1006,99;28,9;1,162;;6;;;;;;;;;
5-4-2024;data/;normal_aoa_25_vw_20;normal;25,1;4;20,02;181;1006,92;29;1,161;;7;;;;;;;;;
5-4-2024;data/;normal_aoa_25_vw_20;normal;25,1;2;20,04;181;1006,96;29;1,161;;8;;;;;;;;;
5-4-2024;data/;normal_aoa_25_vw_20;normal;25,1;0;19,96;184;1007,92;27,6;1,167;;9;0 sideslip not measured due to vibrations in the scaffolding, wind tunnel turned off for a moment and restarted with kite in -2 deg side slip;;;;;;;;
5-4-2024;data/;normal_aoa_25_vw_20;normal;25,1;-2;20,00;182;1007,06;28,7;1,162;;10;;;;;;;;;
5-4-2024;data/;normal_aoa_25_vw_20;normal;25,1;-4;19,98;182;1007,11;28,9;1,161;;11;;;;;opgelost;;;;
5-4-2024;data/;normal_aoa_25_vw_20;normal;25,1;-6;19,95;182;1007,13;29;1,161;;12;;;;;;;;;
5-4-2024;data/;normal_aoa_25_vw_20;normal;25,1;-8;19,95;183;1007,07;29,1;1,161;;13;;;;;;;;;
5-4-2024;data/;normal_aoa_25_vw_20;normal;25,1;-10;19,87;182;1007,07;29,2;1,16;;14;;;;;;;;;
5-4-2024;data/;normal_aoa_25_vw_20;normal;25,1;-12;19,92;180;1007,08;29,3;1,16;;15;;;;;;;;;
5-4-2024;data/;normal_aoa_25_vw_20;normal;25,1;-14;20,07;180;1007,13;29,4;1,16;;16;;;;;;;;;
5-4-2024;data/;normal_aoa_25_vw_20;normal;25,1;-20;19,89;181;1007,1;29,5;1,159;;17;;;;;;;;;
;;;;;;;;;;;;;;;;;;;;;
5-4-2024;data/;normal_aoa_25_vw_25;normal;25,1;-20;24,81;281;1007,15;31,2;1,153;;1;;;;;;;;;
5-4-2024;data/;normal_aoa_25_vw_25;normal;25,1;-14;24,83;276;1007,14;31,9;1,15;;2;;;;;;;;;
5-4-2024;data/;normal_aoa_25_vw_25;normal;25,1;-12;24,87;278;1007,26;32,1;1,15;;3;;;;;;;;;
5-4-2024;data/;normal_aoa_25_vw_25;normal;25,1;-10;24,77;279;1007,17;32,3;1,149;;4;;;;;;;;;
;;;;;;;;;;;;;not recorded as vibrations got too large, killed the tunnel;;;;;;;;
;;;;;;;;;;;;;;;;;;;;;
;;;;;;;;;;;;;redoing the measurement at 20 m/s that saw vibrations in the first run;;;;;;;;
;;;;;;;;;;;;;Currently the _v2 files are ignored by the script;;;;;;;;opgelost
5-4-2024;data/;normal_aoa_14_vw_00;normal;14;0;0;-0,68;1008,4;27,1;1,17;;;;;;;;;;;
;;;;;;;;;;;;;;;;;;;;;
5-4-2024;data/;normal_aoa_14_vw_05;normal;14;20;4,99;11,49;1008,46;26;1,175;;1;;;;;;;;;
5-4-2024;data/;normal_aoa_14_vw_05;normal;14;14;4,99;11,45;1008,41;25,9;1,175;;2;;;;;;;;;
5-4-2024;data/;normal_aoa_14_vw_05;normal;14;12;4,99;11,44;1008,41;25,9;1,175;;3;;;;;;;;;
5-4-2024;data/;normal_aoa_14_vw_05;normal;14;10;4,99;11,5;1008,42;26;1,175;;4;;;;;;;;;
5-4-2024;data/;normal_aoa_14_vw_05;normal;14;8;4,99;11,43;1008,42;26;1,174;;5;;;;;;;;;
5-4-2024;data/;normal_aoa_14_vw_05;normal;14;6;4,99;11,46;1008,44;26;1,174;;6;;;;;;;;;
5-4-2024;data/;normal_aoa_14_vw_05;normal;14;4;4,99;11,49;1008,45;26;1,174;;7;;;;;;;;;
5-4-2024;data/;normal_aoa_14_vw_05;normal;14;2;4,99;11,47;1008,45;26,1;1,174;;8;;;;;;;;;
5-4-2024;data/;normal_aoa_14_vw_05;normal;14;0;4,99;11,46;1008,43;26,1;1,174;;9;;;;;;;;;
5-4-2024;data/;normal_aoa_14_vw_05;normal;14;-2;4,98;11,45;1008,42;26,1;1,174;;10;;;;;;;;;
5-4-2024;data/;normal_aoa_14_vw_05;normal;14;-4;4,98;11,44;1008,43;26,1;1,174;;11;;;;;;;;;
5-4-2024;data/;normal_aoa_14_vw_05;normal;14;-6;4,98;11,43;1008,45;26,1;1,174;;12;;;;;;;;;
5-4-2024;data/;normal_aoa_14_vw_05;normal;14;-8;4,98;11,47;1008,44;26,1;1,174;;13;;;;;;;;;
5-4-2024;data/;normal_aoa_14_vw_05;normal;14;-10;4,98;11,44;1008,44;26,2;1,174;;14;;;;;;;;;
5-4-2024;data/;normal_aoa_14_vw_05;normal;14;-12;4,98;11,43;1008,45;26,2;1,174;;15;;;;;;;;;
5-4-2024;data/;normal_aoa_14_vw_05;normal;14;-14;4,98;11,46;1008,43;26,2;1,174;;16;;;;;;;;;
5-4-2024;data/;normal_aoa_14_vw_05;normal;14;-20;4,98;11,41;1008,43;26,2;1,174;;17;;;;;;;;;
;;;;;;;;;;;;;;;;;;;;;
5-4-2024;data/;normal_aoa_14_vw_10;normal;14;-20;10;46,11;1008,51;26,5;1,173;;1;;;;;;;;;
5-4-2024;data/;normal_aoa_14_vw_10;normal;14;-14;10;46,2;1008,5;26,5;1,172;;2;;;;;;;;;
5-4-2024;data/;normal_aoa_14_vw_10;normal;14;-12;10;46,26;1008,56;26,5;1,172;;3;;;;;;;;;
5-4-2024;data/;normal_aoa_14_vw_10;normal;14;-10;10;46,22;1008,54;26,6;1,172;;4;;;;;;;;;
5-4-2024;data/;normal_aoa_14_vw_10;normal;14;-8;10;46,2;1008,51;26,6;1,172;;5;;;;;;;;;
5-4-2024;data/;normal_aoa_14_vw_10;normal;14;-6;10;46,25;1008,56;26,6;1,172;;6;;;;;;;;;
5-4-2024;data/;normal_aoa_14_vw_10;normal;14;-4;10;46,27;1008,58;26,6;1,172;;7;;;;;;;;;
5-4-2024;data/;normal_aoa_14_vw_10;normal;14;-2;10;26,26;1008,53;26,6;1,172;;8;;;;;;;;;
5-4-2024;data/;normal_aoa_14_vw_10;normal;14;0;10;46,25;1008,57;26,6;1,172;;9;;;;;;;;;
5-4-2024;data/;normal_aoa_14_vw_10;normal;14;2;10;46,24;1008,58;26,6;1,172;;10;;;;;;;;;
5-4-2024;data/;normal_aoa_14_vw_10;normal;14;4;10;46,23;1008,59;26,7;1,172;;11;;;;;;;;;
5-4-2024;data/;normal_aoa_14_vw_10;normal;14;6;10;46,24;1008,6;26,7;1,172;;12;;;;;;;;;
5-4-2024;data/;normal_aoa_14_vw_10;normal;14;8;10;46,24;1008,59;26,7;1,172;;13;;;;;;;;;
5-4-2024;data/;normal_aoa_14_vw_10;normal;14;10;10;46,24;1008,65;26,7;1,172;;14;;;;;;;;;
5-4-2024;data/;normal_aoa_14_vw_10;normal;14;12;10;46,24;1008,61;26,7;1,172;;15;;;;;;;;;
5-4-2024;data/;normal_aoa_14_vw_10;normal;14;14;10;46,23;1008,62;26,7;1,172;;16;;;;;;;;;
5-4-2024;data/;normal_aoa_14_vw_10;normal;14;20;10;46,28;1008,62;26,7;1,172;;17;;;;;;;;;
;;;;;;;;;;;;;;;;;;;;;
;;;;;;;;;;;;;;;;;;;;;
;;;;;;;;;;;;;;;;;;;;;
;;;;;;;;;;;;;;;;;;;;;
6-4-2024;data/;normal_aoa_14_vw_15;normal;14;20;14,96;104,23;1005,89;23,25;1,182;;1;;;;;;;;;
6-4-2024;data/;normal_aoa_14_vw_15;normal;14;14;14,95;104,03;1005,9;23,3;1,182;;2;;;;;;;;;
6-4-2024;data/;normal_aoa_14_vw_15;normal;14;12;14,94;104,03;1005,85;23,4;1,182;;3;;;;;;;;;
6-4-2024;data/;normal_aoa_14_vw_15;normal;14;10;14,94;104,03;1005,85;23,4;1,182;;4;;;;;;;;;
6-4-2024;data/;normal_aoa_14_vw_15;normal;14;8;14,95;104;1005,88;23,5;1,182;;5;;;;;;;;;
6-4-2024;data/;normal_aoa_14_vw_15;normal;14;6;14,95;104;1005,88;23,5;1,182;;6;;;;;;;;;
6-4-2024;data/;normal_aoa_14_vw_15;normal;14;4;14,94;104,02;1005,83;23,5;1,181;;7;;;;;;;;;
6-4-2024;data/;normal_aoa_14_vw_15;normal;14;2;14,95;104,06;1005,83;23,5;1,181;;8;;;;;;;;;
6-4-2024;data/;normal_aoa_14_vw_15;normal;14;0;14,95;104,06;1005,86;23,6;1,181;;9;;;;;;;;;
6-4-2024;data/;normal_aoa_14_vw_15;normal;14;-2;14,95;104,02;1005,84;23,6;1,181;;10;;;;;;;;;
6-4-2024;data/;normal_aoa_14_vw_15;normal;14;-4;14,94;103,97;1005,86;23,7;1,181;;11;;;;;;;;;
6-4-2024;data/;normal_aoa_14_vw_15;normal;14;-6;14,95;103,94;1005,89;23,7;1,181;;12;;;;;;;;;
6-4-2024;data/;normal_aoa_14_vw_15;normal;14;-8;14,94;103,9;1005,89;23,7;1,18;;13;;;;;;;;;
6-4-2024;data/;normal_aoa_14_vw_15;normal;14;-10;14,94;103,9;1005,94;23,8;1,18;;14;;;;;;;;;
6-4-2024;data/;normal_aoa_14_vw_15;normal;14;-12;14,95;103,88;1005,92;23,8;1,18;;15;;;;;;;;;
6-4-2024;data/;normal_aoa_14_vw_15;normal;14;-14;14,95;103,86;1005,91;23,8;1,18;;16;;;;;;;;;
6-4-2024;data/;normal_aoa_14_vw_15;normal;14;-20;14,95;103,83;1005,91;23,8;1,18;;17;;;;;;;;;
;;;;;;;;;;;;;;;;;;;;;
6-4-2024;data/;normal_aoa_14_vw_20;normal;14;-20;19,99;184,4;1005,9;25,2;1,175;;1;;;;;;;;;
6-4-2024;data/;normal_aoa_14_vw_20;normal;14;-14;19,97;185,4;1005,9;25,3;1,174;;2;;;;;;;;;
6-4-2024;data/;normal_aoa_14_vw_20;normal;14;-12;19,97;184,4;1005,89;25,4;1,174;;3;;;;;;;;;
6-4-2024;data/;normal_aoa_14_vw_20;normal;14;-10;19,98;184,1;1005,84;25,5;1,173;;4;;;;;;;;;
6-4-2024;data/;normal_aoa_14_vw_20;normal;14;-8;20,01;185,1;1005,83;25,6;1,173;;5;;;;;;;;;
6-4-2024;data/;normal_aoa_14_vw_20;normal;14;-6;19,97;185,2;1005,82;25,6;1,173;;6;;;;;;;;;
6-4-2024;data/;normal_aoa_14_vw_20;normal;14;-4;20,02;184,05;1005,82;25,7;1,172;;7;;;;;;;;;
6-4-2024;data/;normal_aoa_14_vw_20;normal;14;-2;20,01;186,2;1005,8;25,8;1,172;;8;;;;;;;;;
6-4-2024;data/;normal_aoa_14_vw_20;normal;14;0;19,96;184,7;1005,8;25,8;1,172;;9;;;;;;;;;
6-4-2024;data/;normal_aoa_14_vw_20;normal;14;2;19,97;183,8;1005,8;25,9;1,172;;10;;;;;;;;;
6-4-2024;data/;normal_aoa_14_vw_20;normal;14;4;19,97;184,5;1005,79;26;1,171;;11;;;;;;;;;
6-4-2024;data/;normal_aoa_14_vw_20;normal;14;6;19,97;184,5;1005,73;26,1;1,171;;12;;;;;;;;;
6-4-2024;data/;normal_aoa_14_vw_20;normal;14;8;19,89;183,6;1005,68;26,1;1,171;;13;;;;;;;;;
6-4-2024;data/;normal_aoa_14_vw_20;normal;14;10;20,03;181,4;1005,67;26,2;1,17;;14;;;;;;;;;
6-4-2024;data/;normal_aoa_14_vw_20;normal;14;12;19,92;184,1;1005,7;26,2;1,17;;15;;;;;;;;;
6-4-2024;data/;normal_aoa_14_vw_20;normal;14;14;19,87;183,4;1005,69;26,3;1,17;;16;;;;;;;;;
6-4-2024;data/;normal_aoa_14_vw_20;normal;14;20;19,91;184,1;1005,7;26,3;1,17;;17;;;;;;;;;
;;;;;;;;;;;;;;;;;;;;;
6-4-2024;data/;normal_aoa_14_vw_25;normal;14;20;24,92;288,1;1005,75;27,3;1,166;;1;;;;;;;;;
6-4-2024;data/;normal_aoa_14_vw_25;normal;14;14;25,01;286,4;1005,8;27,7;1,164;;2;;;;;;;;;
6-4-2024;data/;normal_aoa_14_vw_25;normal;14;12;24,01;288,3;1005,84;27,9;1,164;;3;;;;;;;;;
6-4-2024;data/;normal_aoa_14_vw_25;normal;14;10;24,86;286,1;1005,87;28,1;1,163;;4;eerste 4 regels staan bij vw_20, dat 18,19,20,21;;;;;Unsteady ook;;opgelost;
6-4-2024;data/;normal_aoa_14_vw_25;normal;14;8;24,9;284,2;1005,92;28,7;1,161;;5;dat is regel 1;;;;;;;;
6-4-2024;data/;normal_aoa_14_vw_25;normal;14;6;24,91;283,6;1006;29;1,16;;6;;;;;;;;;
6-4-2024;data/;normal_aoa_14_vw_25;normal;14;4;24,87;283,5;1006;29,2;1,159;;7;;;;;;;;;
6-4-2024;data/;normal_aoa_14_vw_25;normal;14;2;24,9;282,1;1006,06;29,5;1,158;;8;;;;;;;;;
6-4-2024;data/;normal_aoa_14_vw_25;normal;14;0;24,8;284,1;1006,07;29,6;1,158;;9;;;;;;;;;
6-4-2024;data/;normal_aoa_14_vw_25;normal;14;-2;24,9;284,1;1006,08;29,7;1,157;;10;;;;;;;;;
6-4-2024;data/;normal_aoa_14_vw_25;normal;14;-4;24,9;282,5;1006,06;29,8;1,157;;11;;;;;;;;;
6-4-2024;data/;normal_aoa_14_vw_25;normal;14;-6;24,8;281,5;1006;29,9;1,156;;12;;;;;;;;;
6-4-2024;data/;normal_aoa_14_vw_25;normal;14;-8;24,8;281,4;1006;30;1,156;;13;;;;;;;;;
6-4-2024;data/;normal_aoa_14_vw_25;normal;14;-10;24,9;281;1006;30;1,156;;14;;;;;;;;;
6-4-2024;data/;normal_aoa_14_vw_25;normal;14;-12;24,95;282;1006;30,1;1,155;;15;;;;;;;;;
6-4-2024;data/;normal_aoa_14_vw_25;normal;14;-14;24,8;281;1006;30,2;1,155;;16;;;;;;;;;
6-4-2024;data/;normal_aoa_14_vw_25;normal;14;-20;24,8;283;1005,94;300,3;1,155;;17;;;;;;;;;
;;;;;;;;;;;;;;;;;;;;;
6-4-2024;data/;normal_aoa_12_vw_00;normal;12;0;0;-0,26;1006,19;28;1,164;;;Tunnel speed is actually 0.7, this could cause difference!;;;;;;;;
;;;;;;;;;;;;;;;;;;;;;
6-4-2024;data/;normal_aoa_12_vw_05;normal;12;20;4,98;11,4;1006,14;26,3;1,171;;1;;;;;;;;;
6-4-2024;data/;normal_aoa_12_vw_05;normal;12;14;4,98;11,41;1006,1;26,3;1,171;;2;;;;;;;;;
6-4-2024;data/;normal_aoa_12_vw_05;normal;12;12;4,98;11,44;1006,17;26,3;1,171;;3;;;;;;;;;
6-4-2024;data/;normal_aoa_12_vw_05;normal;12;10;4,98;11,41;1006,2;26,3;1,171;;4;;;;;;;;;
6-4-2024;data/;normal_aoa_12_vw_05;normal;12;8;4,98;11,41;1006,2;26,3;1,171;;5;;;;;;;;;
6-4-2024;data/;normal_aoa_12_vw_05;normal;12;6;4,98;11,4;1006,22;26,3;1,171;;6;;;;;;;;;
6-4-2024;data/;normal_aoa_12_vw_05;normal;12;4;4,98;11,38;1006,22;26,3;1,171;;7;;;;;;;;;
6-4-2024;data/;normal_aoa_12_vw_05;normal;12;2;4,98;11,38;1006,22;26,3;1,171;;8;;;;;;;;;
6-4-2024;data/;normal_aoa_12_vw_05;normal;12;0;4,98;11,38;1006,22;26,3;1,171;;9;;;;;;;;;
6-4-2024;data/;normal_aoa_12_vw_05;normal;12;-2;4,98;11,39;1006,22;26,2;1,171;;10;;;;;;;;;
6-4-2024;data/;normal_aoa_12_vw_05;normal;12;-4;4,98;11,4;1006,19;26,2;1,171;;11;;;;;;;;;
6-4-2024;data/;normal_aoa_12_vw_05;normal;12;-6;4,98;11,39;1006,19;26,2;1,171;;12;;;;;;;;;
6-4-2024;data/;normal_aoa_12_vw_05;normal;12;-8;4,98;11,39;1006,19;26,2;1,171;;13;;;;;;;;;
6-4-2024;data/;normal_aoa_12_vw_05;normal;12;-10;4,98;11,4;1006,29;26,2;1,171;;14;;;;;;;;;
6-4-2024;data/;normal_aoa_12_vw_05;normal;12;-12;4,98;11,4;1006,29;26,2;1,171;;15;;;;;;;;;
6-4-2024;data/;normal_aoa_12_vw_05;normal;12;-14;4,98;11,41;1006,29;26,2;1,171;;16;;;;;;;;;
6-4-2024;data/;normal_aoa_12_vw_05;normal;12;-20;4,97;11,4;1006,29;26,2;1,171;;17;;;;;;;;;
;;;;;;;;;;;;;;;;;;;;;
6-4-2024;data/;normal_aoa_12_vw_10;normal;12;-20;10,04;46,51;1006,4;26,3;1,171;;1;;;;;;;;;
5-4-2024;data/;normal_aoa_12_vw_10;normal;12;-14;10;46,17;1006,38;26,3;1,171;;2;;;;;;;;;
5-4-2024;data/;normal_aoa_12_vw_10;normal;12;-12;10;46,13;1006,34;26,3;1,171;;3;;;;;;;;;
5-4-2024;data/;normal_aoa_12_vw_10;normal;12;-10;10,01;46,2;1006,37;26,3;1,171;;4;;;;;;;;;
5-4-2024;data/;normal_aoa_12_vw_10;normal;12;-8;10,01;46,19;1006,39;26,3;1,171;;5;;;;;;;;;
5-4-2024;data/;normal_aoa_12_vw_10;normal;12;-6;10,01;46,2;1006,36;26,3;1,171;;6;;;;;;;;;
5-4-2024;data/;normal_aoa_12_vw_10;normal;12;-4;10,01;46,23;1006,36;26,3;1,171;;7;;;;;;;;;
5-4-2024;data/;normal_aoa_12_vw_10;normal;12;-2;10,01;46,19;1006,39;26,3;1,171;;8;;;;;;;;;
5-4-2024;data/;normal_aoa_12_vw_10;normal;12;0;10,01;46,25;1006,39;26,3;1,171;;9;;;;;;;;;
5-4-2024;data/;normal_aoa_12_vw_10;normal;12;2;10,04;46,52;1006,42;26,3;1,171;;10;;;;;;;;;
5-4-2024;data/;normal_aoa_12_vw_10;normal;12;4;10,05;46,52;1006,4;26,2;1,171;;11;;;;;;;;;
5-4-2024;data/;normal_aoa_12_vw_10;normal;12;6;10,04;46,55;1006,41;26,2;1,171;;12;;;;;;;;;
5-4-2024;data/;normal_aoa_12_vw_10;normal;12;8;10,05;46,55;1006,44;26,2;1,171;;13;;;;;;;;;
5-4-2024;data/;normal_aoa_12_vw_10;normal;12;10;10,04;46,53;1006,38;26,2;1,171;;14;;;;;;;;;
5-4-2024;data/;normal_aoa_12_vw_10;normal;12;12;10,05;46,57;1006,41;26,2;1,171;;15;;;;;;;;;
5-4-2024;data/;normal_aoa_12_vw_10;normal;12;14;10,05;46,6;1006,42;26,2;1,171;;16;;;;;;;;;
5-4-2024;data/;normal_aoa_12_vw_10;normal;12;20;10,04;46,55;1006,36;26,2;1,171;;17;;;;;;;;;
;;;;;;;;;;;;;;;;;;;;;
6-4-2024;data/;normal_aoa_12_vw_15;normal;12;20;14,96;103,2;1006,33;26,5;1,17;;1;;;;;;;;;
6-4-2024;data/;normal_aoa_12_vw_15;normal;12;14;14,96;103,3;1006,36;26,6;1,17;;2;;;;;;;;;
6-4-2024;data/;normal_aoa_12_vw_15;normal;12;12;14,96;103,2;1006,34;26,6;1,169;;3;;;;;;;;;
6-4-2024;data/;normal_aoa_12_vw_15;normal;12;10;14,96;103,15;1006,34;26,7;1,169;;4;;;;;;;;;
6-4-2024;data/;normal_aoa_12_vw_15;normal;12;8;14,96;103,25;1006,32;26,7;1,169;;5;;;;;;;;;
6-4-2024;data/;normal_aoa_12_vw_15;normal;12;6;14,96;103,17;1006,34;26,7;1,169;;6;;;;;;;;;
6-4-2024;data/;normal_aoa_12_vw_15;normal;12;4;14,96;103,02;1006,26;26,8;1,169;;7;;;;;;;;;
6-4-2024;data/;normal_aoa_12_vw_15;normal;12;2;14,97;103,2;1006,26;26,8;1,169;;8;;;;;;;;;
6-4-2024;data/;normal_aoa_12_vw_15;normal;12;0;14,96;103,07;1006,31;26,8;1,169;;9;;;;;;;;;
6-4-2024;data/;normal_aoa_12_vw_15;normal;12;-2;14,97;103,06;1006,32;26,9;1,169;;10;;;;;;;;;
6-4-2024;data/;normal_aoa_12_vw_15;normal;12;-4;14,97;103,13;1006,29;26,9;1,168;;11;;;;;;;;;
6-4-2024;data/;normal_aoa_12_vw_15;normal;12;-6;14,97;103,19;1006,28;26,9;1,168;;12;;;;;;;;;
6-4-2024;data/;normal_aoa_12_vw_15;normal;12;-8;14,96;103,13;1006,3;26,9;1,168;;13;;;;;;;;;
6-4-2024;data/;normal_aoa_12_vw_15;normal;12;-10;14,96;103,06;1006,33;26,9;1,168;;14;;;;;;;;;
6-4-2024;data/;normal_aoa_12_vw_15;normal;12;-12;14,96;103,07;1006,33;27;1,168;;15;;;;;;;;;
6-4-2024;data/;normal_aoa_12_vw_15;normal;12;-14;14,96;103,02;1006,3;27;1,168;;16;;;;;;;;;
6-4-2024;data/;normal_aoa_12_vw_15;normal;12;-20;14,96;102,96;1006,32;27;1,168;;17;;;;;;;;;
;;;;;;;;;;;;;;;;;;;;;
6-4-2024;data/;normal_aoa_12_vw_20;normal;12;-20;20,05;184,88;1006,38;27,9;1,165;;1;;;;;;;;;
6-4-2024;data/;normal_aoa_12_vw_20;normal;12;-14;20,05;181,2;1006,39;28;1,164;;2;;;;;;;;;
6-4-2024;data/;normal_aoa_12_vw_20;normal;12;-12;19,94;181,4;1006,4;28,1;1,164;;3;Double Data Point at -12, for unsteady;;;;;opgelost;;;
6-4-2024;data/;normal_aoa_12_vw_20;normal;12;-10;19,98;181,1;1006,36;28,3;1,163;;4;;;;;;;;;
6-4-2024;data/;normal_aoa_12_vw_20;normal;12;-8;19,97;183,6;1006,37;28,3;1,163;;5;;;;;;;;;
6-4-2024;data/;normal_aoa_12_vw_20;normal;12;-6;19,93;182,1;1006,4;28,4;1,163;;6;;;;;;;;;
6-4-2024;data/;normal_aoa_12_vw_20;normal;12;-4;19,95;183,4;1006,38;28,5;1,162;;7;;;;;;;;;
6-4-2024;data/;normal_aoa_12_vw_20;normal;12;-2;20,01;181;1006,4;28,5;1,162;;8;;;;;;;;;
6-4-2024;data/;normal_aoa_12_vw_20;normal;12;0;19,99;183,1;1006,38;28,6;1,162;;9;;;;;;;;;
6-4-2024;data/;normal_aoa_12_vw_20;normal;12;2;19,91;182,5;1006,44;28,6;1,162;;10;;;;;;;;;
6-4-2024;data/;normal_aoa_12_vw_20;normal;12;4;20;183,4;1006,42;28,5;1,162;;11;;;;;;;;;
6-4-2024;data/;normal_aoa_12_vw_20;normal;12;6;19,99;181;1006,42;28,7;1,162;;12;;;;;;;;;
6-4-2024;data/;normal_aoa_12_vw_20;normal;12;8;20,04;181;1006,45;28,8;1,161;;13;;;;;;;;;
6-4-2024;data/;normal_aoa_12_vw_20;normal;12;10;19,97;183;1006,42;28,8;1,161;;14;;;;;;;;;
6-4-2024;data/;normal_aoa_12_vw_20;normal;12;12;19,91;182,37;1006,44;28,8;1,161;;15;;;;;;;;;
6-4-2024;data/;normal_aoa_12_vw_20;normal;12;14;19,95;181,6;1006,42;28,9;1,161;;16;;;;;;;;;
6-4-2024;data/;normal_aoa_12_vw_20;normal;12;20;19,88;180,91;1006,38;28,9;1,161;;17;;;;;;;;;
6-4-2024;data/;normal_aoa_12_vw_20;normal;12;20;19,95;181,04;1006,37;29;1,16;;18;;;;;;;;;
6-4-2024;data/;normal_aoa_12_vw_20;normal;12;20;19,96;180;1006,38;29;1,16;;19;;;;;;;;;
6-4-2024;data/;normal_aoa_12_vw_20;normal;12;0;19,92;184,4;1006,38;29,1;1,16;;20;;;;;;;;;
6-4-2024;data/;normal_aoa_12_vw_20;normal;12;0;19,89;181,1;1006,39;29,2;1,16;;21;;;;;;;;;
6-4-2024;data/;normal_aoa_12_vw_20;normal;12;0;19,99;181,3;1006,39;29,2;1,159;;22;;;;;;;;;
6-4-2024;data/;normal_aoa_12_vw_20;normal;12;-20;19,94;182;1006,43;29,3;1,159;;23;;;;;;;;;
6-4-2024;data/;normal_aoa_12_vw_20;normal;12;-20;19,84;182;1006,39;29,3;1,159;;24;;;;;;;;;
6-4-2024;data/;normal_aoa_12_vw_20;normal;12;-20;19,85;181;1006,39;29,3;1,159;;25;;;;;;;;;
;;;;;;;;;;;;;;;;;;;;;
6-4-2024;data/;normal_aoa_12_vw_25;normal;12;-20;24,84;282;1006,49;30,5;1,155;;1;;;;;;;;;
6-4-2024;data/;normal_aoa_12_vw_25;normal;12;-14;25,1;285;1006,47;30,6;1,154;;2;;;;;;;;;
6-4-2024;data/;normal_aoa_12_vw_25;normal;12;-12;24,91;284;1006,44;30,7;1,154;;3;Double in unsteady;;;opgelost;;;;;
6-4-2024;data/;normal_aoa_12_vw_25;normal;12;-10;24,85;280;1006,45;31,6;1,15;;4;;;;;;;;;
6-4-2024;data/;normal_aoa_12_vw_25;normal;12;-8;24,91;280;1006,4;31,7;1,15;;5;;;;;;;;;
6-4-2024;data/;normal_aoa_12_vw_25;normal;12;-6;24,86;281;1006;31,9;1,15;;6;Double in unsteady;;;was al opgelost?;;;;;
6-4-2024;data/;normal_aoa_12_vw_25;normal;12;-4;24,98;280;1006;32;1,149;;7;;;;;;;;;
6-4-2024;data/;normal_aoa_12_vw_25;normal;12;-2;24,97;280;1006;32,2;1,148;;8;;;;;;;;;
6-4-2024;data/;normal_aoa_12_vw_25;normal;12;0;24,85;280;1006;32,2;1,148;;9;;;;;;;;;
6-4-2024;data/;normal_aoa_12_vw_25;normal;12;2;24,9;279;1006;32,3;1,148;;10;;;;;;;;;
6-4-2024;data/;normal_aoa_12_vw_25;normal;12;4;24,8;277;1006;32,4;1,147;;11;;;;;;;;;
6-4-2024;data/;normal_aoa_12_vw_25;normal;12;6;24,9;277;1006;32,5;1,147;;12;;;;;;;;;
6-4-2024;data/;normal_aoa_12_vw_25;normal;12;8;24,9;277;1006,4;32,5;1,147;;13;;;;;;;;;
6-4-2024;data/;normal_aoa_12_vw_25;normal;12;10;24,8;276;1006;32,6;1,147;;14;;;;;;;;;
6-4-2024;data/;normal_aoa_12_vw_25;normal;12;12;24,75;280;1006;32,8;1,146;;15;;;;;;;;;
6-4-2024;data/;normal_aoa_12_vw_25;normal;12;14;24,7;277;1006;32,8;1,146;;16;;;;;;;;;
6-4-2024;data/;normal_aoa_12_vw_25;normal;12;20;24,8;278;1006;32,9;1,146;;17;;;;;;;;;
;;;;;;;;;;;;;;;;;;;;;
6-4-2024;data/;normal_aoa_16_vw_00;normal;16,05;0;0;-0,4;1006,5;29,8;1,146;;;Actual vw is 0.98;;;;;;;;
;;;;;;;;;;;;;;;;;;;;;
6-4-2024;data/;normal_aoa_16_vw_05;normal;16,05;0;5,02;11,55;1006;28,2;1,164;;;;;;;;;;;
;;;;;;;;;;;;;;;;;;;;;
6-4-2024;data/;normal_aoa_16_vw_10;normal;16,05;0;9,99;45,7;1006,4;28,4;1,163;;;Unsteady are in vw_05;;;opgelost;;;;;
;;;;;;;;;;;;;;;;;;;;;
6-4-2024;data/;normal_aoa_16_vw_15;normal;16,05;0;15,01;103,04;1006,4;28,9;1,161;;;Unsteady are in vw_05;;;opgelost;;;;;
;;;;;;;;;;;;;;;;;;;;;
6-4-2024;data/;normal_aoa_16_vw_20;normal;16,05;0;19,99;181;1006,38;29,8;1,157;;;;;;;;;;;
;;;;;;;;;;;;;;;;;;;;;
6-4-2024;data/;normal_aoa_16_vw_25;normal;16,05;0;24,95;282;1006,37;30,8;1,153;;;;;;;;;;;
;;;;;;;;;;;;;;;;;;;;;
;;;;;;;;;;;;;;;;;;;;;
6-4-2024;data/;normal_aoa_18_vw_00;normal;18,2;0;0;-0,04;1006;29,7;1,154;;;Actual vw is 0.97;;;;;;;;
;;;;;;;;;;;;;;;;;;;;;
6-4-2024;data/;normal_aoa_18_vw_05;normal;18,2;0;5;11,48;1006,2;28,2;1,163;;;;;;;;;;;
;;;;;;;;;;;;;;;;;;;;;
6-4-2024;data/;normal_aoa_18_vw_10;normal;18,2;0;9,98;45,6;1006;28,5;1,162;;;;;;;;;;;
;;;;;;;;;;;;;;;;;;;;;
6-4-2024;data/;normal_aoa_18_vw_15;normal;18,2;0;14,99;102,94;1006;28,7;1,161;;;;;;;;;;;
;;;;;;;;;;;;;;;;;;;;;
6-4-2024;data/;normal_aoa_18_vw_20;normal;18,2;0;19,91;181;1006,3;29,3;1,159;;;;;;;;;;;
;;;;;;;;;;;;;;;;;;;;;
6-4-2024;data/;normal_aoa_18_vw_25;normal;18,2;0;25,01;284;1006,2;31,1;1,152;;;;;;;;;;;
;;;;;;;;;;;;;;;;;;;;;
;;;;;;;;;;;;;;;;;;;;;
6-4-2024;data/;normal_aoa_20_vw_00;normal;20,05;0;0;-0,5;1006,25;29,7;1,158;;Vw is 0.93;;Unsteady also includes vw_05;;;;opgelost;;;
;;;;;;;;;;;;;;;;;;;;;
6-4-2024;data/;normal_aoa_20_vw_05;normal;20,05;0;5;11,4;1006,2;28,3;1,163;;;;;;;;;;;
;;;;;;;;;;;;;;;;;;;;;
6-4-2024;data/;normal_aoa_20_vw_10;normal;20,05;0;10,02;45,97;1006,23;28,4;1,163;;;;;;;;;;;
;;;;;;;;;;;;;;;;;;;;;
6-4-2024;data/;normal_aoa_20_vw_15;normal;20,05;0;15,03;103,3;1006,23;28,9;1,161;;;;;;;;;;;
;;;;;;;;;;;;;;;;;;;;;
6-4-2024;data/;normal_aoa_20_vw_20;normal;20,05;0;19,99;181;1006,2;29,7;1,158;;;;;;;;;;;
;;;;;;;;;;;;;;;;;;;;;
6-4-2024;data/;normal_aoa_20_vw_25;normal;20,05;0;24,9;281;1006,2;30,9;1,153;;;;;;;;;;;
;;;;;;;;;;;;;;;;;;;;;
;;;;;;;;;;;;;;;;;;;;;
;;;;;;;;;;;;;;;;;;;;;
8-4-2024;data/;normal_aoa_05_vw_00;normal;5;0;0;-0,17;1010,22;20,6;1,198;;real vw = 0.54;;;;;;;;;
;;;;;;;;;;;;;;;;;;;;;
8-4-2024;data/;normal_aoa_05_vw_05;normal;5;0;5,02;11,86;1010,22;20,6;1,198;;;;;;;;;;;
;;;;;;;;;;;;;;;;;;;;;
8-4-2024;data/;normal_aoa_05_vw_10;normal;5;0;10;47,11;1010,18;20,9;1,197;;;;;;;;;;;
;;;;;;;;;;;;;;;;;;;;;
8-4-2024;data/;normal_aoa_05_vw_15;normal;5;0;15,01;106,01;1010,2;21,6;1,194;;;;;;;;;;;
;;;;;;;;;;;;;;;;;;;;;
8-4-2024;data/;normal_aoa_05_vw_20;normal;5;0;20,03;188,3;1010,24;22,5;1,19;;;;;;;;;;;
;;;;;;;;;;;;;;;;;;;;;
8-4-2024;data/;normal_aoa_05_vw_25;normal;5;0;25,02;292,56;1010,24;24,5;1,182;;;;;;;;;;;
;;;;;;;;;;;;;;;;;;;;;
;;;;;;;;;;;;;;;;;;;;;
8-4-2024;data/;normal_aoa_00_vw_00;normal;0,1;0;0;-0,12;1009,9;22,9;1,188;;;;;;;;;;;
;;;;;;;;;;;;;;;;;;;;;
8-4-2024;data/;normal_aoa_00_vw_05;normal;0,1;0;5,02;11,79;1009,91;22,4;1,19;;;;;;;;;;;
;;;;;;;;;;;;;;;;;;;;;
8-4-2024;data/;normal_aoa_00_vw_10;normal;0,1;0;10;46,9;1009,9;22,5;1,19;;;;;;;;;;;
;;;;;;;;;;;;;;;;;;;;;
8-4-2024;data/;normal_aoa_00_vw_15;normal;0,1;0;15,01;105,42;1009,88;23;1,188;;;;;;;;;;;
;;;;;;;;;;;;;;;;;;;;;
8-4-2024;data/;normal_aoa_00_vw_20;normal;0,1;0;20,01;186,1;1009,93;23,6;1,185;;;;;;;;;;;
;;;;;;;;;;;;;;;;;;;;;
8-4-2024;data/;normal_aoa_00_vw_25;normal;0,1;0;25,02;291;101,02;25,2;1,179;;;;;;;;;;;
;;;;;;;;;;;;;;;;;;;;;
;;;;;;;;;;;;;;;;;;;;;
8-4-2024;data/;normal_aoa_19_vw_00;normal;19,2;20;0;-0,24;1009,23;22;1,191;;;Double unsteady with first 5m/s measurments;;;;;;opgelost;;
;;;;;;;;;;;;;;;;;;;;;
8-4-2024;data/;normal_aoa_19_vw_05;normal;19,2;20;5;11,71;1009,12;21,8;1,192;;1;;;;;;;;;
8-4-2024;data/;normal_aoa_19_vw_05;normal;19,2;14;5;11,71;1009,14;21,8;1,192;;2;;;;;;;;;
8-4-2024;data/;normal_aoa_19_vw_05;normal;19,2;12;5;11,72;1009,14;21,8;1,192;;3;;;;;;;;;
8-4-2024;data/;normal_aoa_19_vw_05;normal;19,2;10;5;11,72;1009,14;21,8;1,192;;4;;;;;;;;;
8-4-2024;data/;normal_aoa_19_vw_05;normal;19,2;8;5;11,7;1009,13;21,8;1,192;;5;;;;;;;;;
8-4-2024;data/;normal_aoa_19_vw_05;normal;19,2;6;5;11,73;1009,12;21,8;1,192;;6;;;;;;;;;
8-4-2024;data/;normal_aoa_19_vw_05;normal;19,2;4;5;11,71;1009,12;21,8;1,192;;7;;;;;;;;;
8-4-2024;data/;normal_aoa_19_vw_05;normal;19,2;2;5;11,7;1009,12;21,8;1,192;;8;;;;;;;;;
8-4-2024;data/;normal_aoa_19_vw_05;normal;19,2;0;5;11,71;1009,12;21,8;1,192;;9;;;;;;;;;
8-4-2024;data/;normal_aoa_19_vw_05;normal;19,2;-2;5;11,7;1009,11;21,8;1,192;;10;;;;;;;;;
8-4-2024;data/;normal_aoa_19_vw_05;normal;19,2;-4;5;11,68;1009,11;21,8;1,192;;11;;;;;;;;;
8-4-2024;data/;normal_aoa_19_vw_05;normal;19,2;-6;5;11,7;1009,11;21,8;1,192;;12;;;;;;;;;
8-4-2024;data/;normal_aoa_19_vw_05;normal;19,2;-8;5;11,71;1009,11;21,8;1,192;;13;;;;;;;;;
8-4-2024;data/;normal_aoa_19_vw_05;normal;19,2;-10;5;11,7;1009,11;21,8;1,192;;14;;;;;;;;;
8-4-2024;data/;normal_aoa_19_vw_05;normal;19,2;-12;5;11,69;1009,11;21,8;1,192;;15;;;;;;;;;
8-4-2024;data/;normal_aoa_19_vw_05;normal;19,2;-14;5;11,68;1009,11;21,9;1,192;;16;;;;;;;;;
8-4-2024;data/;normal_aoa_19_vw_05;normal;19,2;-20;5;11,71;1009,11;21,9;1,192;;17;;;;;;;;;
;;;;;;;;;;;;;;;;;;;;;
8-4-2024;data/;normal_aoa_19_vw_10;normal;19,2;-20;9,98;46,61;1008,91;22,7;1,188;;1;;;;;;;;;
8-4-2024;data/;normal_aoa_19_vw_10;normal;19,2;-14;9,98;46,63;1008,91;22,7;1,188;;2;;;;;;;;;
0-1-1900;data/;normal_aoa_19_vw_10;normal;19,2;-12;9,98;46,63;1008,92;22,7;1,188;;3;;;;;;;;;
8-4-2024;data/;normal_aoa_19_vw_10;normal;19,2;-10;9,98;46,65;1008,93;22,7;1,188;;4;;;;;;;;;
8-4-2024;data/;normal_aoa_19_vw_10;normal;19,2;-8;9,98;46,63;1008,94;22,8;1,188;;5;;;;;;;;;
8-4-2024;data/;normal_aoa_19_vw_10;normal;19,2;-6;9,98;46,64;1008,96;22,8;1,188;;6;;;;;;;;;
8-4-2024;data/;normal_aoa_19_vw_10;normal;19,2;-4;9,98;46,61;1008,95;22,8;1,188;;7;;;;;;;;;
8-4-2024;data/;normal_aoa_19_vw_10;normal;19,2;-2;9,98;46,63;1008,96;22,8;1,188;;8;;;;;;;;;
8-4-2024;data/;normal_aoa_19_vw_10;normal;19,2;0;9,99;46,61;1008,96;22,8;1,188;;9;;;;;;;;;
8-4-2024;data/;normal_aoa_19_vw_10;normal;19,2;2;9,99;46,6;1008,86;22,9;1,187;;10;;;;;;;;;
8-4-2024;data/;normal_aoa_19_vw_10;normal;19,2;4;9,99;46,62;1008,85;22,9;1,187;;11;;;;;;;;;
8-4-2024;data/;normal_aoa_19_vw_10;normal;19,2;6;9,98;46,6;1008,85;22,9;1,187;;12;;;;;;;;;
8-4-2024;data/;normal_aoa_19_vw_10;normal;19,2;8;9,98;46,63;1008,81;22,9;1,187;;13;;;;;;;;;
8-4-2024;data/;normal_aoa_19_vw_10;normal;19,2;10;9,98;46,6;1008,8;22,9;1,187;;14;;;;;;;;;
8-4-2024;data/;normal_aoa_19_vw_10;normal;19,2;12;9,98;46,64;1008,8;22,9;1,187;;15;;;;;;;;;
8-4-2024;data/;normal_aoa_19_vw_10;normal;19,2;14;9,99;46,62;1008,79;22,9;1,187;;16;;;;;;;;;
8-4-2024;data/;normal_aoa_19_vw_10;normal;19,2;20;9,98;46,6;1008,79;22,9;1,187;;17;;;;;;;;;
;;;;;;;;;;;;;;;;;;;;;
8-4-2024;data/;normal_aoa_19_vw_15;normal;19,2;20;15,02;105,11;1008,77;23,5;1,184;;1;;;;;;;;;
8-4-2024;data/;normal_aoa_19_vw_15;normal;19,2;14;15,01;105,19;1008,76;23,6;1,184;;2;;;;;;;;;
8-4-2024;data/;normal_aoa_19_vw_15;normal;19,2;12;15,01;105,14;1008,75;23,7;1,184;;3;;;;;;;;;
8-4-2024;data/;normal_aoa_19_vw_15;normal;19,2;10;15,01;105,09;1008,74;23,7;1,184;;4;;;;;;;;;
8-4-2024;data/;normal_aoa_19_vw_15;normal;19,2;8;15,01;105,1;1008,74;23,7;1,184;;5;;;;;;;;;
8-4-2024;data/;normal_aoa_19_vw_15;normal;19,2;6;15,01;105,03;1008,73;23,8;1,184;;6;;;;;;;;;
8-4-2024;data/;normal_aoa_19_vw_15;normal;19,2;4;15,02;105,13;1008,72;23,8;1,183;;7;;;;;;;;;
8-4-2024;data/;normal_aoa_19_vw_15;normal;19,2;2;15,01;105,09;1008,71;23,9;1,183;;8;;;;;;;;;
8-4-2024;data/;normal_aoa_19_vw_15;normal;19,2;0;15,01;105,17;1008,7;23,9;1,183;;9;;;;;;;;;
8-4-2024;data/;normal_aoa_19_vw_15;normal;19,2;-2;15,01;105,03;1008,69;23,9;1,183;;10;;;;;;;;;
8-4-2024;data/;normal_aoa_19_vw_15;normal;19,2;-4;15,01;105;1008,68;24;1,183;;11;;;;;;;;;
8-4-2024;data/;normal_aoa_19_vw_15;normal;19,2;-6;15,01;104,9;1008,67;24;1,182;;12;;;;;;;;;
8-4-2024;data/;normal_aoa_19_vw_15;normal;19,2;-8;14,98;104,4;1008,66;24,1;1,182;;13;;;;;;;;;
8-4-2024;data/;normal_aoa_19_vw_15;normal;19,2;-10;14,97;104,32;1008,66;24,1;1,182;;14;;;;;;;;;
8-4-2024;data/;normal_aoa_19_vw_15;normal;19,2;-12;14,97;104,4;1008,66;24,1;1,182;;15;;;;;;;;;
8-4-2024;data/;normal_aoa_19_vw_15;normal;19,2;-14;14,97;104,4;1008,66;24,1;1,182;;16;;;;;;;;;
8-4-2024;data/;normal_aoa_19_vw_15;normal;19,2;-20;14,96;104,23;1008,65;24,2;1,182;;17;;;;;;;;;
;;;;;;;;;;;;;;;;;;;;;
8-4-2024;data/;normal_aoa_19_vw_20;normal;19,2;-20;19,89;185,4;1008,61;25,2;1,178;;1;;;;;;;;;
8-4-2024;data/;normal_aoa_19_vw_20;normal;19,2;-14;19,94;186,1;1008,59;25,4;1,177;;2;;;;;;;;;
8-4-2024;data/;normal_aoa_19_vw_20;normal;19,2;-12;19,85;184,1;1008,57;25,5;1,177;;3;;;;;;;;;
8-4-2024;data/;normal_aoa_19_vw_20;normal;19,2;-10;19,92;185,5;1008,65;25,5;1,176;;4;;;;;;;;;
8-4-2024;data/;normal_aoa_19_vw_20;normal;19,2;-8;20,06;184,5;1008,54;25,6;1,176;;5;;;;;;;;;
8-4-2024;data/;normal_aoa_19_vw_20;normal;19,2;-6;19,98;184,2;1008,5;25,7;1,176;;6;;;;;;;;;
8-4-2024;data/;normal_aoa_19_vw_20;normal;19,2;-4;19,98;184,4;1008,5;25,7;1,175;;7;;;;;;;;;
8-4-2024;data/;normal_aoa_19_vw_20;normal;19,2;-2;20;183,4;1008,51;25,8;1,175;;8;;;;;;;;;
8-4-2024;data/;normal_aoa_19_vw_20;normal;19,2;0;19,94;185,1;1008,5;25,9;1,175;;9;;;;;;;;;
8-4-2024;data/;normal_aoa_19_vw_20;normal;19,2;2;19,92;183,2;1008,51;26;1,174;;10;;;;;;;;;
8-4-2024;data/;normal_aoa_19_vw_20;normal;19,2;4;19,95;185;1008,52;26,1;1,174;;11;;;;;;;;;
8-4-2024;data/;normal_aoa_19_vw_20;normal;19,2;6;19,94;183,5;1008,53;26,1;1,174;;12;;;;;;;;;
8-4-2024;data/;normal_aoa_19_vw_20;normal;19,2;8;19,91;183,5;1008,53;26,2;1,174;;13;;;;;;;;;
8-4-2024;data/;normal_aoa_19_vw_20;normal;19,2;10;19,98;184,1;1008,53;26,2;1,174;;14;;;;;;;;;
8-4-2024;data/;normal_aoa_19_vw_20;normal;19,2;12;19,94;183,5;1008,54;26,3;1,173;;15;;;;;;;;;
8-4-2024;data/;normal_aoa_19_vw_20;normal;19,2;14;19,92;186,11;1008,53;26,3;1,173;;16;;;;;;;;;
8-4-2024;data/;normal_aoa_19_vw_20;normal;19,2;20;19,9;182,5;1008,53;26,4;1,173;;17;;;;;;;;;
;;;;;;;;;;;;;;;;;;;;;
8-4-2024;data/;normal_aoa_19_vw_25;normal;19,2;20;25,01;284;1008,5;28,2;1,166;;1;;;;;;;;;
8-4-2024;data/;normal_aoa_19_vw_25;normal;19,2;14;25,01;281;1008,5;28,4;1,165;;2;;;;;;;;;
8-4-2024;data/;normal_aoa_19_vw_25;normal;19,2;12;25,01;288;1008,47;28,6;1,164;;3;;;;;;;;;
8-4-2024;data/;normal_aoa_19_vw_25;normal;19,2;10;25,13;287;1008,45;28,8;1,164;;4;;;;;;;;;
;;;;;;;;;;;;;;;;;;;;;
;;;;;;;;;;;;;;;;;;;;;
8-4-2024;data/;normal_aoa_21_vw_00;normal;21,25;0;0;-0,31;1008,49;27,2;1,17;;;real speed was 0.8;;;doorzichtig plastic plaatje lag op de f-balanc;;;;;
;;;;;;;;;;;;;;;;gewicht moet dus rekening mee gehouden worden;;;;;
8-4-2024;data/;normal_aoa_21_vw_05;normal;21,25;0;5,02;11,67;1008,48;25,3;1,177;;;;;;;;;;;
;;;;;;;;;;;;;;;;;;;;;
8-4-2024;data/;normal_aoa_21_vw_10;normal;21,25;0;10,01;46,47;1008,45;25,4;1,177;;;;;;;;;;;
;;;;;;;;;;;;;;;;;;;;;
8-4-2024;data/;normal_aoa_21_vw_15;normal;21,25;0;15,02;104,42;1008,44;25,9;1,175;;;;;;;;;;;
;;;;;;;;;;;;;;;;;;;;;
8-4-2024;data/;normal_aoa_21_vw_20;normal;21,25;0;19,94;183,2;1008,44;26,7;1,171;;;;;;;;;;;
;;;;;;;;;;;;;;;;;;;;;
8-4-2024;data/;normal_aoa_21_vw_25;normal;21,25;0;25,08;288;1008,45;27,9;1,167;;;;;;;;;;;
;;;;;;;;;;;;;;;;;;;;;
;;;;;;;;;;;;;;;;;;;;;
8-4-2024;data/;normal_aoa_23_vw_00;normal;23;0;0;-0,34;1004,54;23,5;1,18;;;Real speed was 0.8m/s;;;;;;;;
;;;;;;;;;;;;;;;;;;;;;
8-4-2024;data/;normal_aoa_23_vw_05;normal;23;0;5,01;11,65;1004,52;23,3;1,18;;;;;;;;;;;
;;;;;;;;;;;;;;;;;;;;;
8-4-2024;data/;normal_aoa_23_vw_10;normal;23;0;10;46,44;1004,48;23,6;1,179;;;;;;;;;;;
;;;;;;;;;;;;;;;;;;;;;
8-4-2024;data/;normal_aoa_23_vw_15;normal;23;0;15,03;104,9;1004,46;24,1;1,177;;;;;;;;;;;
;;;;;;;;;;;;;;;;;;;;;
8-4-2024;data/;normal_aoa_23_vw_20;normal;23;0;20,01;186,3;1004,46;24,8;1,174;;;25m/s was too much vibration;;;;;;;;
;;;;;;;;;;;;;;;;;;;;;
;;;;;;;;;;;;;;;;;;;;;
8-4-2024;data/;normal_aoa_27_vw_00;normal;27;0;0;-0,29;1004,42;24,3;1,177;;;0.75m/s real wind;;;;;;;;
;;;;;;;;;;;;;;;;;;;;;
8-4-2024;data/;normal_aoa_27_vw_05;normal;27;0;5,02;11,64;1004,43;24;1,178;;;;;;;;;;;
;;;;;;;;;;;;;;;;;;;;;
8-4-2024;data/;normal_aoa_27_vw_10;normal;27;0;10,01;46,39;1004,42;24;1,177;;;;;;;;;;;
;;;;;;;;;;;;;;;;;;;;;
8-4-2024;data/;normal_aoa_27_vw_15;normal;27;0;15;104,22;1004,44;24,5;1,176;;;;;;;;;;;
;;;;;;;;;;;;;;;;;;;;;
8-4-2024;data/;normal_aoa_27_vw_20;normal;27;0;19,98;182;1004,44;25,3;1,172;;;eod 8april sensor drift is measured for 10sec;;;;;;;;
;;;;;;;;;;;;;;;;;;;;;
;;;;;;;;;;;;;;;;;;;;;
;;;;;;;;;;;;;;;;;;;;;
9-4-2024;data/;normal_aoa_29_vw_00;normal;29,8;0;0;-0,1;1005,29;21,2;1,19;;;vw is 0,49;;;;;;;;
;;;;;;;;;;;;;;;;;;;;;
9-4-2024;data/;normal_aoa_29_vw_05;normal;29,8;0;5,02;11,79;1005,31;21,4;1,189;;;;;;;;;;;
;;;;;;;;;;;;;;;;;;;;;
9-4-2024;data/;normal_aoa_29_vw_10;normal;29,8;0;10,03;47,05;1005,27;21,7;1,188;;;;;;;;;;;
;;;;;;;;;;;;;;;;;;;;;
9-4-2024;data/;normal_aoa_29_vw_15;normal;29,8;0;15,01;105,3;1005,19;22,3;1,185;;;;;;;;;;;
;;;;;;;;;;;;;;;;;;;;;
9-4-2024;data/;normal_aoa_29_vw_20;normal;29,8;0;19,95;186,4;1005,19;23;1,182;;;best heftige vibraties;;;;;;;;
;;;;;;;;;;;;;;;;;;;;;
;;;;;;;;;;;;;;;;;;;;;
9-4-2024;data/;normal_aoa_31_vw_00;normal;31,25;0;0;-0,08;1005,33;22,1;1,186;;;;;;;;;;;
;;;;;;;;;;;;;;;;;;;;;
9-4-2024;data/;normal_aoa_31_vw_05;normal;31,25;0;5,02;11,75;1005,36;22,1;1,186;;;;;;;;;;;
;;;;;;;;;;;;;;;;;;;;;
9-4-2024;data/;normal_aoa_31_vw_10;normal;31,25;0;10,02;46,95;1005,35;22,4;1,185;;;;;;;;;;;
;;;;;;;;;;;;;;;;;;;;;
9-4-2024;data/;normal_aoa_31_vw_15;normal;31,25;0;15,01;105;1005,37;22,9;1,183;;;;;;;;;;;
;;;;;;;;;;;;;;;;;;;;;
9-4-2024;data/;normal_aoa_31_vw_20;normal;31,25;0;19,95;184;1005,37;23,5;1,181;;;;;;;;;;;
;;;;;;;;;;;;;;;;;;;;;
;;;;;;;;;;;;;;;;;;;;;
9-4-2024;data/;normal_aoa_04_vw_00;normal;4,25;0;0;-0,08;1005,64;22,9;1,184;;;vw 0,62 m/s;;;;;;;;
;;;;;;;;;;;;;;;;;;;;;
9-4-2024;data/;normal_aoa_04_vw_05;normal;4,25;0;4,98;11,56;1005,62;22,6;1,185;;;;;;;;;;;
;;;;;;;;;;;;;;;;;;;;;
9-4-2024;data/;normal_aoa_04_vw_10;normal;4,25;0;10;46,6;1005,66;22,7;1,184;;;;;;;;;;;
;;;;;;;;;;;;;;;;;;;;;
9-4-2024;data/;normal_aoa_04_vw_15;normal;4,25;0;15,02;104,56;1005,75;23,3;1,182;;;;;;;;;;;
;;;;;;;;;;;;;;;;;;;;;
9-4-2024;data/;normal_aoa_04_vw_20;normal;4,25;0;20;186;1005,85;24,6;1,177;;;;;;;;;;;
;;;;;;;;;;;;;;;;;;;;;
9-4-2024;data/;normal_aoa_04_vw_25;normal;4,25;0;25,1;289;1005,8;25,5;1,173;;;;;;;;;;;
